,date,call_arrive_time,agent_id,serve_time,score_call,type_call,score_agent,type_agent
0,11/1/2022,07:03:04,0,34,0.0676999,2,10.71428571,4
1,11/1/2022,07:16:11,1,132,0.1263271,1,25,3
2,11/1/2022,07:17:08,0,119,0.0375381,3,10.71428571,4
3,11/1/2022,07:25:52,1,685,0.1906649,1,25,3
4,11/1/2022,07:27:42,0,369,0.2623895,1,10.71428571,4
5,11/1/2022,07:36:55,0,1791,0.0469392,3,10.71428571,4
6,11/1/2022,07:53:55,2,160,0.0385372,3,29.28571429,2
7,11/1/2022,08:00:33,1,888,0.0544931,3,25,3
8,11/1/2022,08:05:19,3,317,0.0302531,3,17.14285714,4
9,11/1/2022,08:09:17,4,484,0.1672216,1,40,1
10,11/1/2022,08:12:45,3,285,0.0487696,3,17.14285714,4
11,11/1/2022,08:13:44,0,208,0.048471,3,10.71428571,4
12,11/1/2022,08:15:17,5,956,0.0737881,2,30.43478261,3
13,11/1/2022,08:16:35,1,743,0.0302531,3,25,3
14,11/1/2022,08:27:41,4,1435,0.1494765,1,40,1
15,11/1/2022,08:29:10,3,223,0.0672936,2,17.14285714,4
16,11/1/2022,08:29:14,6,116,0.087455,2,17.85714286,3
17,11/1/2022,08:31:24,7,1468,0.0391149,3,22.85714286,3
18,11/1/2022,08:32:04,2,515,0.0302531,3,29.28571429,2
19,11/1/2022,08:33:13,3,74,0.046676,3,17.14285714,4
20,11/1/2022,08:34:50,0,543,0.0497809,3,10.71428571,4
21,11/1/2022,08:35:27,8,718,0.0509379,3,46.42857143,1
22,11/1/2022,08:44:38,5,42,0.0487696,3,30.43478261,3
23,11/1/2022,08:44:53,6,210,0.089684,2,17.85714286,3
24,11/1/2022,08:54:36,8,869,0.2560902,1,46.42857143,1
25,11/1/2022,08:55:27,4,73,0.2126774,1,40,1
26,11/1/2022,08:55:34,2,262,0.0433531,3,29.28571429,2
27,11/1/2022,08:55:56,0,151,0.0587037,2,10.71428571,4
28,11/1/2022,08:56:30,7,1880,0.1106189,2,22.85714286,3
29,11/1/2022,08:57:19,1,512,0.049301,3,25,3
30,11/1/2022,08:57:27,9,929,0.2126774,1,30,2
31,11/1/2022,08:58:18,5,59,0.06417,2,30.43478261,3
32,11/1/2022,09:00:23,6,851,0.186377,1,17.85714286,3
33,11/1/2022,09:00:38,3,466,0.0487696,3,17.14285714,4
34,11/1/2022,09:02:47,4,852,0.1665504,1,40,1
35,11/1/2022,09:06:31,5,226,0.066621,2,30.43478261,3
36,11/1/2022,09:06:34,10,3254,0.1157431,2,24.28571429,3
37,11/1/2022,09:07:10,2,473,0.1473281,1,29.28571429,2
38,11/1/2022,09:08:10,11,594,0.0422342,3,25.71428571,3
39,11/1/2022,09:09:42,0,999,0.1891122,1,10.71428571,4
40,11/1/2022,09:09:59,8,677,0.1507954,1,46.42857143,1
41,11/1/2022,09:13:02,12,690,0.0600646,2,1.851851852,4
42,11/1/2022,09:14:44,9,1001,0.1231176,2,30,2
43,11/1/2022,09:15:24,3,2473,0.1449239,1,17.14285714,4
44,11/1/2022,09:15:56,5,272,0.043969,3,30.43478261,3
45,11/1/2022,09:16:21,13,964,0.1231176,2,15.71428571,4
46,11/1/2022,09:16:54,2,1241,0.0311544,3,29.28571429,2
47,11/1/2022,09:17:30,6,180,0.1967359,1,17.85714286,3
48,11/1/2022,09:18:48,14,1032,0.0487696,3,42.85714286,1
49,11/1/2022,09:19:14,15,746,0.1263271,1,31.42857143,2
50,11/1/2022,09:19:48,16,44,0.1043384,2,33.57142857,2
51,11/1/2022,09:20:05,4,647,0.0487696,3,40,1
52,11/1/2022,09:22:10,17,290,0.0768565,2,5.555555556,4
53,11/1/2022,09:22:34,18,405,0.050788,3,32.85714286,2
54,11/1/2022,09:23:59,16,662,0.1126254,2,33.57142857,2
55,11/1/2022,09:24:18,19,1835,0.2102622,1,35.18518519,1
56,11/1/2022,09:25:10,20,1230,0.0753594,2,18.51851852,3
57,11/1/2022,09:25:26,21,677,0.0353496,3,9.285714286,4
58,11/1/2022,09:25:36,11,9,0.0412797,3,25.71428571,3
59,11/1/2022,09:26:34,22,80,0.0648203,2,18.57142857,3
60,11/1/2022,09:26:41,11,9,0.050788,3,25.71428571,3
61,11/1/2022,09:26:43,5,108,0.0781116,2,30.43478261,3
62,11/1/2022,09:27:43,7,293,0.1740993,1,22.85714286,3
63,11/1/2022,09:27:46,6,408,0.0627687,2,17.85714286,3
64,11/1/2022,09:33:00,0,323,0.0474775,3,10.71428571,4
65,11/1/2022,09:33:32,7,822,0.1210914,2,22.85714286,3
66,11/1/2022,09:33:46,12,327,0.1251462,1,1.851851852,4
67,11/1/2022,09:34:46,11,25,0.0558089,3,25.71428571,3
68,11/1/2022,09:35:26,17,1137,0.1150025,2,5.555555556,4
69,11/1/2022,09:35:47,23,99,0.1124653,2,37.14285714,1
70,11/1/2022,09:36:57,4,1188,0.1523328,1,40,1
71,11/1/2022,09:36:59,24,158,0.0547368,3,14.28571429,4
72,11/1/2022,09:37:02,18,316,0.0494224,3,32.85714286,2
73,11/1/2022,09:37:40,25,128,0.0408418,3,5.714285714,4
74,11/1/2022,09:38:03,26,557,0.1646745,1,32.14285714,2
75,11/1/2022,09:38:19,27,137,0.028768,3,22.22222222,3
76,11/1/2022,09:38:31,28,199,0.0807114,2,14.81481481,3
77,11/1/2022,09:39:23,16,1105,0.1124653,2,33.57142857,2
78,11/1/2022,09:39:42,5,405,0.1073917,2,30.43478261,3
79,11/1/2022,09:40:24,14,1051,0.1610666,1,42.85714286,1
80,11/1/2022,09:40:34,9,593,0.1525921,1,30,2
81,11/1/2022,09:41:35,6,873,0.1731493,1,17.85714286,3
82,11/1/2022,09:42:08,11,58,0.0344008,3,25.71428571,3
83,11/1/2022,09:43:49,18,316,0.1646738,1,32.85714286,2
84,11/1/2022,09:45:08,12,384,0.0267477,3,1.851851852,4
85,11/1/2022,09:45:28,21,3252,0.1418471,1,9.285714286,4
86,11/1/2022,09:46:18,29,727,0.1424082,1,5,4
87,11/1/2022,09:46:46,2,931,0.0811058,2,29.28571429,2
88,11/1/2022,09:47:27,27,206,0.0510916,3,22.22222222,3
89,11/1/2022,09:48:07,11,426,0.1258657,1,25.71428571,3
90,11/1/2022,09:48:26,0,789,0.2079666,1,10.71428571,4
91,11/1/2022,09:48:43,15,1238,0.0548334,3,31.42857143,2
92,11/1/2022,09:49:44,7,209,0.0422637,3,22.85714286,3
93,11/1/2022,09:51:03,8,828,0.1325417,1,46.42857143,1
94,11/1/2022,09:51:43,30,1178,0.1684196,1,16.42857143,4
95,11/1/2022,09:51:43,31,1889,0.1753315,1,45,1
96,11/1/2022,09:52:53,23,56,0.0944317,2,37.14285714,1
97,11/1/2022,09:52:54,25,569,0.0565813,2,5.714285714,4
98,11/1/2022,09:53:01,28,1533,0.1841759,1,14.81481481,3
99,11/1/2022,09:53:02,18,554,0.073981,2,32.85714286,2
100,11/1/2022,09:53:06,26,328,0.2248728,1,32.14285714,2
101,11/1/2022,09:53:21,32,325,0.1395034,1,2.857142857,4
102,11/1/2022,09:53:50,9,26,0.186377,1,30,2
103,11/1/2022,09:55:09,20,170,0.0450091,3,18.51851852,3
104,11/1/2022,09:55:32,13,336,0.079569,2,15.71428571,4
105,11/1/2022,09:56:07,1,698,0.0546335,3,25,3
106,11/1/2022,09:56:11,7,1186,0.125884,1,22.85714286,3
107,11/1/2022,09:56:31,23,589,0.2048908,1,37.14285714,1
108,11/1/2022,09:57:04,4,764,0.265365,1,40,1
109,11/1/2022,09:57:42,14,627,0.051362,3,42.85714286,1
110,11/1/2022,09:57:49,22,144,0.0990402,2,18.57142857,3
111,11/1/2022,09:58:43,9,1265,0.186377,1,30,2
112,11/1/2022,09:59:29,6,93,0.2074832,1,17.85714286,3
113,11/1/2022,10:00:08,14,1709,0.0651954,2,42.85714286,1
114,11/1/2022,10:00:46,3,700,0.0686082,2,17.14285714,4
115,11/1/2022,10:01:44,29,893,0.2225121,1,5,4
116,11/1/2022,10:02:07,33,1449,0.1219109,2,47.14285714,1
117,11/1/2022,10:03:56,11,345,0.0681064,2,25.71428571,3
118,11/1/2022,10:05:15,32,1129,0.0470724,3,2.857142857,4
119,11/1/2022,10:05:48,12,222,0.0428,3,1.851851852,4
120,11/1/2022,10:06:10,8,1193,0.153031,1,46.42857143,1
121,11/1/2022,10:06:37,16,179,0.055655,3,33.57142857,2
122,11/1/2022,10:07:59,23,124,0.1616917,1,37.14285714,1
123,11/1/2022,10:09:33,14,649,0.1049209,2,42.85714286,1
124,11/1/2022,10:10:29,19,70,0.0505764,3,35.18518519,1
125,11/1/2022,10:10:31,17,352,0.1150025,2,5.555555556,4
126,11/1/2022,10:10:46,34,66,0.0772174,2,4.285714286,4
127,11/1/2022,10:10:51,16,720,0.1263271,1,33.57142857,2
128,11/1/2022,10:10:54,35,644,0.0670912,2,30.71428571,2
129,11/1/2022,10:13:00,5,47,0.078309,2,30.43478261,3
130,11/1/2022,10:13:10,6,855,0.0772174,2,17.85714286,3
131,11/1/2022,10:13:47,22,207,0.0727246,2,18.57142857,3
132,11/1/2022,10:14:29,13,1228,0.0876321,2,15.71428571,4
133,11/1/2022,10:14:55,24,379,0.1352699,1,14.28571429,4
134,11/1/2022,10:15:36,0,1113,0.1157864,2,10.71428571,4
135,11/1/2022,10:15:45,27,90,0.0662408,2,22.22222222,3
136,11/1/2022,10:16:16,1,651,0.2337531,1,25,3
137,11/1/2022,10:16:33,18,656,0.1995626,1,32.85714286,2
138,11/1/2022,10:17:27,15,3740,0.0392758,3,31.42857143,2
139,11/1/2022,10:17:59,36,1300,0.0507136,3,45.71428571,1
140,11/1/2022,10:19:18,30,720,0.0638758,2,16.42857143,4
141,11/1/2022,10:19:42,20,130,0.0348216,3,18.51851852,3
142,11/1/2022,10:20:04,34,852,0.032887,3,4.285714286,4
143,11/1/2022,10:21:18,5,362,0.051594,3,30.43478261,3
144,11/1/2022,10:22:49,31,451,0.0647894,2,45,1
145,11/1/2022,10:23:19,29,676,0.1161186,2,5,4
146,11/1/2022,10:24:09,35,1397,0.1415148,1,30.71428571,2
147,11/1/2022,10:24:20,16,1484,0.2825292,1,33.57142857,2
148,11/1/2022,10:25:02,22,631,0.0496659,3,18.57142857,3
149,11/1/2022,10:25:43,37,18,0.0473753,3,2.142857143,4
150,11/1/2022,10:26:04,9,228,0.0507374,3,30,2
151,11/1/2022,10:26:52,38,215,0.0357677,3,3.703703704,4
152,11/1/2022,10:28:02,23,514,0.0756093,2,37.14285714,1
153,11/1/2022,10:28:06,24,1077,0.2248269,1,14.28571429,4
154,11/1/2022,10:28:09,32,552,0.0329814,3,2.857142857,4
155,11/1/2022,10:29:06,2,288,0.1263271,1,29.28571429,2
156,11/1/2022,10:30:32,18,524,0.1999147,1,32.85714286,2
157,11/1/2022,10:30:52,31,130,0.030221,3,45,1
158,11/1/2022,10:30:53,3,2410,0.0475311,3,17.14285714,4
159,11/1/2022,10:31:08,37,279,0.186377,1,2.142857143,4
160,11/1/2022,10:31:24,1,603,0.1547389,1,25,3
161,11/1/2022,10:31:31,7,942,0.127675,1,22.85714286,3
162,11/1/2022,10:32:15,5,52,0.2571634,1,30.43478261,3
163,11/1/2022,10:32:27,39,177,0.1272102,1,20.71428571,3
164,11/1/2022,10:32:38,19,55,0.1253644,1,35.18518519,1
165,11/1/2022,10:32:40,9,424,0.270194,1,30,2
166,11/1/2022,10:33:09,33,1701,0.0536335,3,47.14285714,1
167,11/1/2022,10:33:14,31,130,0.0740334,2,45,1
168,11/1/2022,10:34:43,17,2137,0.1252006,1,5.555555556,4
169,11/1/2022,10:36:48,10,3587,0.0415105,3,24.28571429,3
170,11/1/2022,10:37:38,20,187,0.1076531,2,18.51851852,3
171,11/1/2022,10:37:47,28,229,0.0515294,3,14.81481481,3
172,11/1/2022,10:37:57,4,1528,0.1784097,1,40,1
173,11/1/2022,10:38:55,6,32,0.0507522,3,17.85714286,3
174,11/1/2022,10:39:04,30,439,0.081779,2,16.42857143,4
175,11/1/2022,10:39:41,25,170,0.1367272,1,5.714285714,4
176,11/1/2022,10:40:06,6,227,0.078443,2,17.85714286,3
177,11/1/2022,10:40:16,27,395,0.0563629,2,22.22222222,3
178,11/1/2022,10:41:16,5,323,0.0333257,3,30.43478261,3
179,11/1/2022,10:41:28,36,253,0.0598886,2,45.71428571,1
180,11/1/2022,10:41:58,2,389,0.0507522,3,29.28571429,2
181,11/1/2022,10:42:08,8,601,0.0592774,2,46.42857143,1
182,11/1/2022,10:42:43,0,151,0.0454952,3,10.71428571,4
183,11/1/2022,10:43:25,5,125,0.0500646,3,30.43478261,3
184,11/1/2022,10:43:36,9,1788,0.2094421,1,30,2
185,11/1/2022,10:44:18,24,1761,0.1159782,2,14.28571429,4
186,11/1/2022,10:44:24,38,408,0.0589177,2,3.703703704,4
187,11/1/2022,10:46:25,11,444,0.0784805,2,25.71428571,3
188,11/1/2022,10:46:37,34,406,0.0441135,3,4.285714286,4
189,11/1/2022,10:46:49,36,309,0.1916559,1,45.71428571,1
190,11/1/2022,10:47:09,29,701,0.1553965,1,5,4
191,11/1/2022,10:47:38,13,1249,0.1743061,1,15.71428571,4
192,11/1/2022,10:48:32,22,820,0.0792835,2,18.57142857,3
193,11/1/2022,10:49:33,16,1272,0.0995201,2,33.57142857,2
194,11/1/2022,10:51:29,32,693,0.0487696,3,2.857142857,4
195,11/1/2022,10:52:07,21,933,0.0449126,3,9.285714286,4
196,11/1/2022,10:52:44,18,793,0.0642833,2,32.85714286,2
197,11/1/2022,10:53:39,1,406,0.0544931,3,25,3
198,11/1/2022,10:54:08,8,1405,0.1544007,1,46.42857143,1
199,11/1/2022,10:54:14,39,203,0.0564205,2,20.71428571,3
200,11/1/2022,10:54:21,12,304,0.1574022,1,1.851851852,4
201,11/1/2022,10:54:29,25,104,0.1379696,1,5.714285714,4
202,11/1/2022,10:55:08,31,626,0.0898981,2,45,1
203,11/1/2022,10:55:41,36,527,0.1079844,2,45.71428571,1
204,11/1/2022,10:57:57,26,419,0.123648,2,32.14285714,2
205,11/1/2022,10:59:13,19,138,0.1302516,1,35.18518519,1
206,11/1/2022,10:59:24,14,888,0.1914454,1,42.85714286,1
207,11/1/2022,11:00:27,30,1220,0.0393775,3,16.42857143,4
208,11/1/2022,11:01:54,2,1414,0.1560385,1,29.28571429,2
209,11/1/2022,11:02:14,33,190,0.0438287,3,47.14285714,1
210,11/1/2022,11:02:30,35,1972,0.2039068,1,30.71428571,2
211,11/1/2022,11:03:14,20,1806,0.0500243,3,18.51851852,3
212,11/1/2022,11:04:12,39,83,0.0233342,3,20.71428571,3
213,11/1/2022,11:04:49,34,230,0.1646233,1,4.285714286,4
214,11/1/2022,11:05:32,36,382,0.0280988,3,45.71428571,1
215,11/1/2022,11:06:40,25,124,0.1847691,1,5.714285714,4
216,11/1/2022,11:06:42,31,1155,0.1175111,2,45,1
217,11/1/2022,11:06:57,33,1205,0.1592721,1,47.14285714,1
218,11/1/2022,11:09:36,39,931,0.0743932,2,20.71428571,3
219,11/1/2022,11:10:47,38,207,0.1192363,2,3.703703704,4
220,11/1/2022,11:11:17,16,1027,0.2112619,1,33.57142857,2
221,11/1/2022,11:12:21,29,600,0.040404,3,5,4
222,11/1/2022,11:12:49,6,194,0.0361437,3,17.85714286,3
223,11/1/2022,11:13:35,1,960,0.054599,3,25,3
224,11/1/2022,11:14:29,5,283,0.1263271,1,30.43478261,3
225,11/1/2022,11:14:30,36,386,0.1263271,1,45.71428571,1
226,11/1/2022,11:14:34,40,122,0.1252006,1,16.66666667,3
227,11/1/2022,11:14:50,32,673,0.0887485,2,2.857142857,4
228,11/1/2022,11:16:18,27,688,0.1836334,1,22.22222222,3
229,11/1/2022,11:16:31,22,10,0.0733082,2,18.57142857,3
230,11/1/2022,11:17:41,37,246,0.0473672,3,2.142857143,4
231,11/1/2022,11:17:41,26,626,0.0434396,3,32.14285714,2
232,11/1/2022,11:18:30,11,982,0.2035414,1,25.71428571,3
233,11/1/2022,11:18:35,14,1703,0.1263271,1,42.85714286,1
234,11/1/2022,11:18:47,18,297,0.1136483,2,32.85714286,2
235,11/1/2022,11:18:55,41,8,0.1784209,1,38.88888889,1
236,11/1/2022,11:19:07,12,368,0.1250604,1,1.851851852,4
237,11/1/2022,11:20:20,13,2634,0.050788,3,15.71428571,4
238,11/1/2022,11:21:05,21,658,0.0684825,2,9.285714286,4
239,11/1/2022,11:21:21,34,128,0.1263271,1,4.285714286,4
240,11/1/2022,11:22:10,0,176,0.2286739,1,10.71428571,4
241,11/1/2022,11:22:15,37,242,0.0339144,3,2.142857143,4
242,11/1/2022,11:23:15,4,1468,0.186377,1,40,1
243,11/1/2022,11:23:27,7,196,0.0219409,3,22.85714286,3
244,11/1/2022,11:24:05,3,346,0.0487696,3,17.14285714,4
245,11/1/2022,11:28:38,25,100,0.0261858,3,5.714285714,4
246,11/1/2022,11:28:43,7,1974,0.1376432,1,22.85714286,3
247,11/1/2022,11:29:22,6,112,0.1473281,1,17.85714286,3
248,11/1/2022,11:29:34,5,201,0.0416773,3,30.43478261,3
249,11/1/2022,11:30:40,36,1210,0.1263271,1,45.71428571,1
250,11/1/2022,11:30:48,31,1169,0.089684,2,45,1
251,11/1/2022,11:31:58,38,250,0.0634242,2,3.703703704,4
252,11/1/2022,11:32:04,16,250,0.1507954,1,33.57142857,2
253,11/1/2022,11:32:37,32,125,0.0477989,3,2.857142857,4
254,11/1/2022,11:32:43,15,500,0.0575753,2,31.42857143,2
255,11/1/2022,11:33:56,30,84,0.159741,1,16.42857143,4
256,11/1/2022,11:34:02,40,716,0.0712054,2,16.66666667,3
257,11/1/2022,11:35:05,29,554,0.0334509,3,5,4
258,11/1/2022,11:35:42,34,625,0.0457801,3,4.285714286,4
259,11/1/2022,11:36:27,42,774,0.1473281,1,47.85714286,1
260,11/1/2022,11:37:33,2,268,0.0487696,3,29.28571429,2
261,11/1/2022,11:37:41,0,217,0.0567662,2,10.71428571,4
262,11/1/2022,11:38:03,16,289,0.0887604,2,33.57142857,2
263,11/1/2022,11:38:17,24,465,0.2571634,1,14.28571429,4
264,11/1/2022,11:38:34,33,297,0.1382792,1,47.14285714,1
265,11/1/2022,11:39:39,35,1761,0.152572,1,30.71428571,2
266,11/1/2022,11:40:40,26,674,0.0220798,3,32.14285714,2
267,11/1/2022,11:42:31,3,2547,0.0487696,3,17.14285714,4
268,11/1/2022,11:42:37,1,709,0.0509277,3,25,3
269,11/1/2022,11:42:49,43,1392,0.1097811,2,50,1
270,11/1/2022,11:43:02,44,324,0.050788,3,34.28571429,2
271,11/1/2022,11:43:24,6,168,0.0542355,3,17.85714286,3
272,11/1/2022,11:43:30,12,330,0.1186344,2,1.851851852,4
273,11/1/2022,11:44:20,16,848,0.0750673,2,33.57142857,2
274,11/1/2022,11:45:31,5,1175,0.1675847,1,30.43478261,3
275,11/1/2022,11:47:38,14,805,0.0461777,3,42.85714286,1
276,11/1/2022,11:47:55,45,244,0.0900011,2,20.37037037,3
277,11/1/2022,11:48:53,32,177,0.0525633,3,2.857142857,4
278,11/1/2022,11:50:22,28,220,0.0515294,3,14.81481481,3
279,11/1/2022,11:50:22,0,902,0.1586643,1,10.71428571,4
280,11/1/2022,11:50:32,18,1423,0.0608152,2,32.85714286,2
281,11/1/2022,11:50:40,36,462,0.0540535,3,45.71428571,1
282,11/1/2022,11:50:58,31,2333,0.1241361,2,45,1
283,11/1/2022,11:51:40,2,201,0.1531943,1,29.28571429,2
284,11/1/2022,11:52:42,30,169,0.153031,1,16.42857143,4
285,11/1/2022,11:53:17,8,2276,0.2273362,1,46.42857143,1
286,11/1/2022,11:53:31,10,693,0.0516742,3,24.28571429,3
287,11/1/2022,11:54:47,38,118,0.0899859,2,3.703703704,4
288,11/1/2022,11:54:55,22,42,0.0487696,3,18.57142857,3
289,11/1/2022,11:55:02,23,731,0.2370727,1,37.14285714,1
290,11/1/2022,11:55:11,22,473,0.0646429,2,18.57142857,3
291,11/1/2022,11:56:31,34,2096,0.0613418,2,4.285714286,4
292,11/1/2022,11:56:37,46,705,0.050496,3,17.39130435,4
293,11/1/2022,11:56:55,6,1149,0.2404138,1,17.85714286,3
294,11/1/2022,11:57:06,24,1554,0.1520872,1,14.28571429,4
295,11/1/2022,11:57:13,30,471,0.050788,3,16.42857143,4
296,11/1/2022,11:57:18,4,999,0.089684,2,40,1
297,11/1/2022,11:58:40,16,1278,0.112183,2,33.57142857,2
298,11/1/2022,11:59:02,36,435,0.1832289,1,45.71428571,1
299,11/1/2022,12:00:19,19,366,0.1320197,1,35.18518519,1
300,11/1/2022,12:00:21,44,1160,0.1945142,1,34.28571429,2
301,11/1/2022,12:01:21,33,1482,0.1226711,2,47.14285714,1
302,11/1/2022,12:01:49,25,894,0.1744828,1,5.714285714,4
303,11/1/2022,12:02:40,32,498,0.0357095,3,2.857142857,4
304,11/1/2022,12:03:21,14,368,0.1263271,1,42.85714286,1
305,11/1/2022,12:03:53,11,54,0.0345255,3,25.71428571,3
306,11/1/2022,12:04:03,0,293,0.1869946,1,10.71428571,4
307,11/1/2022,12:04:15,7,373,0.1203704,2,22.85714286,3
308,11/1/2022,12:04:19,21,17,0.0506981,3,9.285714286,4
309,11/1/2022,12:04:30,2,1126,0.1632288,1,29.28571429,2
310,11/1/2022,12:05:09,37,612,0.1001549,2,2.142857143,4
311,11/1/2022,12:05:40,1,836,0.0623506,2,25,3
312,11/1/2022,12:05:56,40,119,0.0612509,2,16.66666667,3
313,11/1/2022,12:06:01,36,2075,0.0290543,3,45.71428571,1
314,11/1/2022,12:06:09,11,227,0.1543602,1,25.71428571,3
315,11/1/2022,12:06:30,23,636,0.1474524,1,37.14285714,1
316,11/1/2022,12:07:15,47,53,0.0715437,2,49.28571429,1
317,11/1/2022,12:08:24,12,1991,0.1176723,2,1.851851852,4
318,11/1/2022,12:09:15,14,520,0.0524372,3,42.85714286,1
319,11/1/2022,12:09:58,35,308,0.1294874,1,30.71428571,2
320,11/1/2022,12:10:35,9,60,0.1564798,1,30,2
321,11/1/2022,12:10:44,39,405,0.1263271,1,20.71428571,3
322,11/1/2022,12:11:25,45,64,0.1624156,1,20.37037037,3
323,11/1/2022,12:11:59,29,1088,0.186377,1,5,4
324,11/1/2022,12:12:39,7,290,0.1262354,1,22.85714286,3
325,11/1/2022,12:13:42,22,369,0.1507954,1,18.57142857,3
326,11/1/2022,12:13:56,21,600,0.0616148,2,9.285714286,4
327,11/1/2022,12:16:49,5,133,0.0461777,3,30.43478261,3
328,11/1/2022,12:17:11,38,1690,0.199473,1,3.703703704,4
329,11/1/2022,12:17:11,18,1025,0.0685995,2,32.85714286,2
330,11/1/2022,12:17:14,4,318,0.0368712,3,40,1
331,11/1/2022,12:17:45,43,1018,0.1515482,1,50,1
332,11/1/2022,12:20:38,46,2270,0.0450027,3,17.39130435,4
333,11/1/2022,12:20:59,15,1285,0.2410267,1,31.42857143,2
334,11/1/2022,12:21:10,7,559,0.1206374,2,22.85714286,3
335,11/1/2022,12:23:02,16,926,0.1948221,1,33.57142857,2
336,11/1/2022,12:23:07,9,464,0.1891935,1,30,2
337,11/1/2022,12:23:43,26,845,0.2298853,1,32.14285714,2
338,11/1/2022,12:25:48,6,511,0.1269135,1,17.85714286,3
339,11/1/2022,12:27:34,33,1343,0.1507954,1,47.14285714,1
340,11/1/2022,12:28:05,25,71,0.0377679,3,5.714285714,4
341,11/1/2022,12:29:21,16,189,0.1104647,2,33.57142857,2
342,11/1/2022,12:30:05,39,303,0.2715478,1,20.71428571,3
343,11/1/2022,12:30:41,5,918,0.0739473,2,30.43478261,3
344,11/1/2022,12:31:31,4,1475,0.1790679,1,40,1
345,11/1/2022,12:32:38,10,3909,0.0382216,3,24.28571429,3
346,11/1/2022,12:33:01,44,47,0.0623506,2,34.28571429,2
347,11/1/2022,12:33:02,22,44,0.1038725,2,18.57142857,3
348,11/1/2022,12:33:17,11,50,0.0290468,3,25.71428571,3
349,11/1/2022,12:33:58,0,595,0.0417399,3,10.71428571,4
350,11/1/2022,12:34:40,2,278,0.1507954,1,29.28571429,2
351,11/1/2022,12:34:41,35,636,0.0294047,3,30.71428571,2
352,11/1/2022,12:35:22,40,91,0.0544873,3,16.66666667,3
353,11/1/2022,12:36:05,21,2655,0.1849073,1,9.285714286,4
354,11/1/2022,12:36:09,14,1803,0.1063127,2,42.85714286,1
355,11/1/2022,12:37:18,9,1279,0.3875278,1,30,2
356,11/1/2022,12:37:19,3,397,0.030729,3,17.14285714,4
357,11/1/2022,12:38:32,42,649,0.14657,1,47.85714286,1
358,11/1/2022,12:41:16,25,187,0.0474788,3,5.714285714,4
359,11/1/2022,12:43:20,41,442,0.0900294,2,38.88888889,1
360,11/1/2022,12:44:37,16,1301,0.1690817,1,33.57142857,2
361,11/1/2022,12:44:57,48,23,0.1313575,1,4.545454546,4
362,11/1/2022,12:45:06,29,308,0.1231176,2,5,4
363,11/1/2022,12:46:53,22,1626,0.0641232,2,18.57142857,3
364,11/1/2022,12:47:21,31,58,0.1701053,1,45,1
365,11/1/2022,12:48:11,6,231,0.1285815,1,17.85714286,3
366,11/1/2022,12:49:01,37,88,0.1312918,1,2.142857143,4
367,11/1/2022,12:49:12,47,30,0.1231176,2,49.28571429,1
368,11/1/2022,12:50:14,42,1296,0.1263271,1,47.85714286,1
369,11/1/2022,12:50:38,26,219,0.0518061,3,32.14285714,2
370,11/1/2022,12:50:53,24,481,0.0302127,3,14.28571429,4
371,11/1/2022,12:51:23,35,444,0.1232701,2,30.71428571,2
372,11/1/2022,12:52:54,18,501,0.0610728,2,32.85714286,2
373,11/1/2022,12:54:01,15,81,0.0348075,3,31.42857143,2
374,11/1/2022,12:54:43,15,620,0.1061107,2,31.42857143,2
375,11/1/2022,12:57:09,3,290,0.2581411,1,17.14285714,4
376,11/1/2022,12:57:26,40,292,0.1408653,1,16.66666667,3
377,11/1/2022,12:57:57,0,151,0.0495647,3,10.71428571,4
378,11/1/2022,12:58:24,4,2832,0.2396177,1,40,1
379,11/1/2022,12:58:30,25,571,0.0487696,3,5.714285714,4
380,11/1/2022,12:59:39,47,2156,0.1227737,2,49.28571429,1
381,11/1/2022,13:00:02,36,2557,0.1469929,1,45.71428571,1
382,11/1/2022,13:00:25,45,2600,0.1163729,2,20.37037037,3
383,11/1/2022,13:01:13,37,123,0.0405704,3,2.142857143,4
384,11/1/2022,13:01:44,35,407,0.0998049,2,30.71428571,2
385,11/1/2022,13:02:42,41,129,0.0344466,3,38.88888889,1
386,11/1/2022,13:02:44,7,1423,0.1491706,1,22.85714286,3
387,11/1/2022,13:03:40,11,38,0.0864711,2,25.71428571,3
388,11/1/2022,13:03:46,39,323,0.0471612,3,20.71428571,3
389,11/1/2022,13:04:27,29,634,0.0460208,3,5,4
390,11/1/2022,13:05:21,38,109,0.0695937,2,3.703703704,4
391,11/1/2022,13:05:41,6,97,0.0346944,3,17.85714286,3
392,11/1/2022,13:05:51,33,1056,0.1746325,1,47.14285714,1
393,11/1/2022,13:06:24,30,709,0.1668976,1,16.42857143,4
394,11/1/2022,13:07:08,44,797,0.1753315,1,34.28571429,2
395,11/1/2022,13:08:01,16,1621,0.186377,1,33.57142857,2
396,11/1/2022,13:09:10,26,692,0.0372541,3,32.14285714,2
397,11/1/2022,13:10:26,18,1042,0.0717324,2,32.85714286,2
398,11/1/2022,13:10:29,46,845,0.0757159,2,17.39130435,4
399,11/1/2022,13:10:30,8,919,0.0757935,2,46.42857143,1
400,11/1/2022,13:11:42,24,1222,0.0487696,3,14.28571429,4
401,11/1/2022,13:13:03,3,2996,0.0668597,2,17.14285714,4
402,11/1/2022,13:13:20,35,2110,0.0563793,2,30.71428571,2
403,11/1/2022,13:13:31,40,516,0.3140274,1,16.66666667,3
404,11/1/2022,13:13:55,31,548,0.107376,2,45,1
405,11/1/2022,13:14:22,13,85,0.0487696,3,15.71428571,4
406,11/1/2022,13:14:44,1,867,0.1409048,1,25,3
407,11/1/2022,13:14:55,42,1015,0.1926016,1,47.85714286,1
408,11/1/2022,13:15:08,43,254,0.0979718,2,50,1
409,11/1/2022,13:15:14,37,126,0.100701,2,2.142857143,4
410,11/1/2022,13:15:28,41,303,0.0859612,2,38.88888889,1
411,11/1/2022,13:15:28,49,42,0.0859612,2,25,3
412,11/1/2022,13:15:47,11,643,0.1139775,2,25.71428571,3
413,11/1/2022,13:18:13,6,107,0.1084605,2,17.85714286,3
414,11/1/2022,13:18:30,25,1274,0.2512795,1,5.714285714,4
415,11/1/2022,13:19:10,39,502,0.0347724,3,20.71428571,3
416,11/1/2022,13:20:48,38,102,0.0750757,2,3.703703704,4
417,11/1/2022,13:20:58,14,648,0.1648278,1,42.85714286,1
418,11/1/2022,13:21:10,22,904,0.1186344,2,18.57142857,3
419,11/1/2022,13:23:13,33,2179,0.2210443,1,47.14285714,1
420,11/1/2022,13:23:49,31,590,0.0517448,3,45,1
421,11/1/2022,13:25:20,50,202,0.0487696,3,12.14285714,4
422,11/1/2022,13:25:57,32,684,0.0491256,3,2.857142857,4
423,11/1/2022,13:26:08,7,1348,0.0955246,2,22.85714286,3
424,11/1/2022,13:26:54,29,986,0.231187,1,5,4
425,11/1/2022,13:27:32,34,704,0.0359556,3,4.285714286,4
426,11/1/2022,13:28:12,30,1183,0.0358541,3,16.42857143,4
427,11/1/2022,13:28:24,37,139,0.0305484,3,2.142857143,4
428,11/1/2022,13:29:32,21,97,0.0727814,2,9.285714286,4
429,11/1/2022,13:29:34,43,1988,0.0462781,3,50,1
430,11/1/2022,13:30:11,26,1189,0.0420045,3,32.14285714,2
431,11/1/2022,13:31:48,2,418,0.0487696,3,29.28571429,2
432,11/1/2022,13:31:51,11,20,0.0851431,2,25.71428571,3
433,11/1/2022,13:32:06,14,614,0.1558634,1,42.85714286,1
434,11/1/2022,13:32:59,18,851,0.1423539,1,32.85714286,2
435,11/1/2022,13:33:07,30,543,0.050788,3,16.42857143,4
436,11/1/2022,13:33:41,11,56,0.1263271,1,25.71428571,3
437,11/1/2022,13:34:16,46,915,0.0417624,3,17.39130435,4
438,11/1/2022,13:35:04,13,249,0.0362784,3,15.71428571,4
439,11/1/2022,13:35:46,51,370,0.0311988,3,12.85714286,4
440,11/1/2022,13:35:50,47,203,0.0359556,3,49.28571429,1
441,11/1/2022,13:36:20,1,1439,0.0398789,3,25,3
442,11/1/2022,13:36:40,50,323,0.0365357,3,12.14285714,4
443,11/1/2022,13:36:43,52,297,0.1862385,1,39.13043478,2
444,11/1/2022,13:37:18,5,69,0.1761427,1,30.43478261,3
445,11/1/2022,13:38:42,37,156,0.1490959,1,2.142857143,4
446,11/1/2022,13:39:19,24,595,0.0632977,2,14.28571429,4
447,11/1/2022,13:40:03,0,154,0.1262354,1,10.71428571,4
448,11/1/2022,13:40:43,31,131,0.1579623,1,45,1
449,11/1/2022,13:41:07,15,528,0.0923875,2,31.42857143,2
450,11/1/2022,13:41:38,42,1142,0.0370757,3,47.85714286,1
451,11/1/2022,13:41:40,9,727,0.2332054,1,30,2
452,11/1/2022,13:41:57,11,421,0.132492,1,25.71428571,3
453,11/1/2022,13:42:00,38,68,0.209875,1,3.703703704,4
454,11/1/2022,13:42:00,44,339,0.0331586,3,34.28571429,2
455,11/1/2022,13:42:22,32,363,0.0470449,3,2.857142857,4
456,11/1/2022,13:43:06,40,37,0.062776,2,16.66666667,3
457,11/1/2022,13:44:25,31,86,0.0411611,3,45,1
458,11/1/2022,13:44:43,5,302,0.1061107,2,30.43478261,3
459,11/1/2022,13:45:18,10,4076,0.1653681,1,24.28571429,3
460,11/1/2022,13:45:29,49,290,0.0554947,3,25,3
461,11/1/2022,13:45:32,47,1033,0.0460665,3,49.28571429,1
462,11/1/2022,13:46:15,2,374,0.1735949,1,29.28571429,2
463,11/1/2022,13:46:19,48,1745,0.0583442,3,4.545454546,4
464,11/1/2022,13:48:03,36,377,0.1969087,1,45.71428571,1
465,11/1/2022,13:48:34,8,1628,0.1425981,1,46.42857143,1
466,11/1/2022,13:48:50,13,228,0.0487696,3,15.71428571,4
467,11/1/2022,13:49:19,14,1251,0.0543093,3,42.85714286,1
468,11/1/2022,13:49:23,31,161,0.1036493,2,45,1
469,11/1/2022,13:50:02,34,1506,0.1166632,2,4.285714286,4
470,11/1/2022,13:50:09,7,1496,0.1085612,2,22.85714286,3
471,11/1/2022,13:52:19,37,208,0.0313006,3,2.142857143,4
472,11/1/2022,13:53:08,50,372,0.064721,2,12.14285714,4
473,11/1/2022,13:53:08,31,433,0.102118,2,45,1
474,11/1/2022,13:53:21,52,1018,0.1507954,1,39.13043478,2
475,11/1/2022,13:54:08,51,239,0.0499632,3,12.85714286,4
476,11/1/2022,13:54:51,0,2404,0.1260808,1,10.71428571,4
477,11/1/2022,13:55:00,16,841,0.1646745,1,33.57142857,2
478,11/1/2022,13:55:41,53,2448,0.1495484,1,47.82608696,1
479,11/1/2022,13:56:48,54,83,0.0717426,2,15.2173913,4
480,11/1/2022,13:57:26,38,241,0.0609655,2,3.703703704,4
481,11/1/2022,13:59:28,18,516,0.1753089,1,32.85714286,2
482,11/1/2022,13:59:37,55,258,0.1847274,1,0,4
483,11/1/2022,13:59:56,11,39,0.1507954,1,25.71428571,3
484,11/1/2022,14:00:11,2,503,0.0454323,3,29.28571429,2
485,11/1/2022,14:00:14,5,820,0.186377,1,30.43478261,3
486,11/1/2022,14:00:14,32,962,0.0556772,3,2.857142857,4
487,11/1/2022,14:00:48,54,97,0.0778833,2,15.2173913,4
488,11/1/2022,14:01:36,40,52,0.0717581,2,16.66666667,3
489,11/1/2022,14:01:41,29,320,0.0794032,2,5,4
490,11/1/2022,14:02:00,31,2325,0.1576929,1,45,1
491,11/1/2022,14:03:02,56,1018,0.2374126,1,45.65217391,1
492,11/1/2022,14:03:24,37,491,0.0939113,2,2.142857143,4
493,11/1/2022,14:03:39,36,229,0.0487696,3,45.71428571,1
494,11/1/2022,14:06:12,6,1130,0.039013,3,17.85714286,3
495,11/1/2022,14:06:31,39,605,0.186377,1,20.71428571,3
496,11/1/2022,14:06:47,50,123,0.205842,1,12.14285714,4
497,11/1/2022,14:08:16,1,683,0.0365357,3,25,3
498,11/1/2022,14:08:40,11,27,0.1263271,1,25.71428571,3
499,11/1/2022,14:08:40,45,249,0.0829227,2,20.37037037,3
500,11/1/2022,14:09:01,36,307,0.105311,2,45.71428571,1
501,11/1/2022,14:09:23,16,559,0.112183,2,33.57142857,2
502,11/1/2022,14:09:28,14,583,0.1475889,1,42.85714286,1
503,11/1/2022,14:09:28,19,99,0.1180689,2,35.18518519,1
504,11/1/2022,14:11:17,55,1655,0.186377,1,0,4
505,11/1/2022,14:11:58,33,873,0.0866292,2,47.14285714,1
506,11/1/2022,14:12:10,29,528,0.0442896,3,5,4
507,11/1/2022,14:13:31,30,352,0.0433193,3,16.42857143,4
508,11/1/2022,14:13:37,54,546,0.0387561,3,15.2173913,4
509,11/1/2022,14:14:48,36,1261,0.1849073,1,45.71428571,1
510,11/1/2022,14:16:29,2,157,0.1994888,1,29.28571429,2
511,11/1/2022,14:16:44,57,178,0.0450144,3,40.74074074,1
512,11/1/2022,14:17:06,42,196,0.1043384,2,47.85714286,1
513,11/1/2022,14:18:56,11,396,0.1397059,1,25.71428571,3
514,11/1/2022,14:19:22,42,1244,0.0473463,3,47.85714286,1
515,11/1/2022,14:20:09,50,961,0.0805018,2,12.14285714,4
516,11/1/2022,14:20:34,8,1787,0.2441689,1,46.42857143,1
517,11/1/2022,14:20:39,16,530,0.0983121,2,33.57142857,2
518,11/1/2022,14:20:55,35,247,0.0907088,2,30.71428571,2
519,11/1/2022,14:21:25,52,1264,0.2218876,1,39.13043478,2
520,11/1/2022,14:21:42,25,54,0.0907261,2,5.714285714,4
521,11/1/2022,14:21:44,37,215,0.0399843,3,2.142857143,4
522,11/1/2022,14:21:52,46,1555,0.1624386,1,17.39130435,4
523,11/1/2022,14:21:56,28,152,0.1045646,2,14.81481481,3
524,11/1/2022,14:22:22,5,627,0.133539,1,30.43478261,3
525,11/1/2022,14:23:07,58,57,0.1252006,1,42.59259259,1
526,11/1/2022,14:25:31,34,1024,0.0779734,2,4.285714286,4
527,11/1/2022,14:25:54,41,238,0.0406371,3,38.88888889,1
528,11/1/2022,14:26:25,35,321,0.0487696,3,30.71428571,2
529,11/1/2022,14:26:47,40,75,0.1218926,1,16.66666667,3
530,11/1/2022,14:27:14,33,17,0.0506981,3,47.14285714,1
531,11/1/2022,14:27:40,7,1231,0.2676314,1,22.85714286,3
532,11/1/2022,14:27:49,19,289,0.0806305,2,35.18518519,1
533,11/1/2022,14:28:15,33,454,0.0487696,3,47.14285714,1
534,11/1/2022,14:28:45,39,260,0.0804249,2,20.71428571,3
535,11/1/2022,14:28:49,32,472,0.0447133,3,2.857142857,4
536,11/1/2022,14:29:34,21,1797,0.0487696,3,9.285714286,4
537,11/1/2022,14:29:57,22,862,0.0702149,2,18.57142857,3
538,11/1/2022,14:30:30,16,754,0.1751191,1,33.57142857,2
539,11/1/2022,14:30:33,1,1970,0.1864132,1,25,3
540,11/1/2022,14:30:55,4,1162,0.1753089,1,40,1
541,11/1/2022,14:31:39,20,1205,0.1252006,1,18.51851852,3
542,11/1/2022,14:33:00,35,11,0.0452417,3,30.71428571,2
543,11/1/2022,14:33:01,14,1282,0.150066,1,42.85714286,1
544,11/1/2022,14:33:15,51,190,0.0572997,2,12.85714286,4
545,11/1/2022,14:33:23,43,1035,0.0487696,3,50,1
546,11/1/2022,14:33:47,25,18,0.0506981,3,5.714285714,4
547,11/1/2022,14:34:23,45,150,0.0992582,2,20.37037037,3
548,11/1/2022,14:34:44,9,932,0.186377,1,30,2
549,11/1/2022,14:34:50,6,100,0.0347062,3,17.85714286,3
550,11/1/2022,14:35:00,11,473,0.0402179,3,25.71428571,3
551,11/1/2022,14:35:03,31,92,0.1140546,2,45,1
552,11/1/2022,14:35:50,36,760,0.1556925,1,45.71428571,1
553,11/1/2022,14:35:58,35,150,0.0506981,3,30.71428571,2
554,11/1/2022,14:36:07,54,38,0.186377,1,15.2173913,4
555,11/1/2022,14:36:21,33,704,0.0487696,3,47.14285714,1
556,11/1/2022,14:36:33,53,1178,0.186377,1,47.82608696,1
557,11/1/2022,14:38:12,2,23,0.0506981,3,29.28571429,2
558,11/1/2022,14:39:53,57,110,0.2102622,1,40.74074074,1
559,11/1/2022,14:39:57,26,1194,0.1839533,1,32.14285714,2
560,11/1/2022,14:41:12,35,559,0.0397998,3,30.71428571,2
561,11/1/2022,14:42:18,13,479,0.051043,3,15.71428571,4
562,11/1/2022,14:42:56,25,26,0.0506981,3,5.714285714,4
563,11/1/2022,14:43:48,6,830,0.101017,2,17.85714286,3
564,11/1/2022,14:43:55,3,267,0.0474477,3,17.14285714,4
565,11/1/2022,14:44:03,16,665,0.0788427,2,33.57142857,2
566,11/1/2022,14:44:32,44,111,0.186377,1,34.28571429,2
567,11/1/2022,14:45:22,54,26,0.0506981,3,15.2173913,4
568,11/1/2022,14:45:46,18,555,0.0257694,3,32.85714286,2
569,11/1/2022,14:45:59,3,1501,0.0352217,3,17.14285714,4
570,11/1/2022,14:46:00,59,62,0.1996085,1,24.07407407,3
571,11/1/2022,14:46:08,49,1129,0.0629525,3,25,3
572,11/1/2022,14:46:20,52,92,0.1231176,2,39.13043478,2
573,11/1/2022,14:46:43,51,308,0.1476726,1,12.85714286,4
574,11/1/2022,14:46:44,2,571,0.186377,1,29.28571429,2
575,11/1/2022,14:47:09,28,1564,0.1189597,2,14.81481481,3
576,11/1/2022,14:47:32,7,222,0.0565349,2,22.85714286,3
577,11/1/2022,14:47:41,11,29,0.0506981,3,25.71428571,3
578,11/1/2022,14:48:05,36,1584,0.1681217,1,45.71428571,1
579,11/1/2022,14:48:41,11,34,0.0506981,3,25.71428571,3
580,11/1/2022,14:49:43,41,99,0.0443921,3,38.88888889,1
581,11/1/2022,14:49:45,27,232,0.1252006,1,22.22222222,3
582,11/1/2022,14:50:42,25,364,0.0487696,3,5.714285714,4
583,11/1/2022,14:51:11,45,563,0.0888397,2,20.37037037,3
584,11/1/2022,14:51:12,56,3058,0.2130597,1,45.65217391,1
585,11/1/2022,14:51:24,35,1467,0.0884496,2,30.71428571,2
586,11/1/2022,14:51:28,19,82,0.0908796,2,35.18518519,1
587,11/1/2022,14:51:47,54,644,0.0374716,3,15.2173913,4
588,11/1/2022,14:52:00,44,504,0.0785032,2,34.28571429,2
589,11/1/2022,14:52:16,0,1523,0.049978,3,10.71428571,4
590,11/1/2022,14:53:18,41,75,0.1912014,1,38.88888889,1
591,11/1/2022,14:54:22,58,118,0.045953,3,42.59259259,1
592,11/1/2022,14:54:27,5,992,0.1066482,2,30.43478261,3
593,11/1/2022,14:54:50,46,739,0.0378734,3,17.39130435,4
594,11/1/2022,14:55:17,9,645,0.1875387,1,30,2
595,11/1/2022,14:55:31,16,1408,0.112183,2,33.57142857,2
596,11/1/2022,14:55:55,53,2365,0.0906231,2,47.82608696,1
597,11/1/2022,14:56:16,59,1953,0.1951834,1,24.07407407,3
598,11/1/2022,14:56:41,24,481,0.0987551,2,14.28571429,4
599,11/1/2022,14:56:50,43,1693,0.0318605,3,50,1
600,11/1/2022,14:56:57,20,127,0.0515898,3,18.51851852,3
601,11/1/2022,14:57:18,51,180,0.0385307,3,12.85714286,4
602,11/1/2022,14:57:25,11,8,0.064006,2,25.71428571,3
603,11/1/2022,14:57:41,2,745,0.1120891,2,29.28571429,2
604,11/1/2022,14:57:42,52,300,0.11863,2,39.13043478,2
605,11/1/2022,14:57:54,43,57,0.0506981,3,50,1
606,11/1/2022,14:58:13,19,272,0.0862074,2,35.18518519,1
607,11/1/2022,14:58:20,13,654,0.0404346,3,15.71428571,4
608,11/1/2022,14:58:32,29,680,0.064006,2,5,4
609,11/1/2022,14:58:44,18,1514,0.0723091,2,32.85714286,2
610,11/1/2022,14:59:41,7,1465,0.1507982,1,22.85714286,3
611,11/1/2022,15:00:40,55,273,0.0357119,3,0,4
612,11/1/2022,15:01:06,11,48,0.0482986,3,25.71428571,3
613,11/1/2022,15:01:53,6,1934,0.2202063,1,17.85714286,3
614,11/1/2022,15:01:56,50,319,0.1049069,2,12.14285714,4
615,11/1/2022,15:02:25,25,115,0.0402895,3,5.714285714,4
616,11/1/2022,15:02:55,27,32,0.0800255,2,22.22222222,3
617,11/1/2022,15:04:41,58,157,0.0482431,3,42.59259259,1
618,11/1/2022,15:04:52,11,1574,0.1125723,2,25.71428571,3
619,11/1/2022,15:04:53,26,1278,0.0445263,3,32.14285714,2
620,11/1/2022,15:05:25,39,349,0.0460994,3,20.71428571,3
621,11/1/2022,15:06:13,41,66,0.1252006,1,38.88888889,1
622,11/1/2022,15:06:16,37,685,0.0487696,3,2.142857143,4
623,11/1/2022,15:06:30,42,698,0.0844896,2,47.85714286,1
624,11/1/2022,15:07:09,23,163,0.147927,1,37.14285714,1
625,11/1/2022,15:07:24,1,970,0.186377,1,25,3
626,11/1/2022,15:07:27,20,295,0.1254505,1,18.51851852,3
627,11/1/2022,15:08:03,27,406,0.251182,1,22.22222222,3
628,11/1/2022,15:08:04,22,21,0.0506981,3,18.57142857,3
629,11/1/2022,15:08:11,21,1089,0.1307335,1,9.285714286,4
630,11/1/2022,15:08:44,44,2633,0.1674562,1,34.28571429,2
631,11/1/2022,15:09:28,22,792,0.1797974,1,18.57142857,3
632,11/1/2022,15:09:56,2,494,0.0745673,2,29.28571429,2
633,11/1/2022,15:10:04,23,1130,0.1828955,1,37.14285714,1
634,11/1/2022,15:10:11,52,32,0.1507954,1,39.13043478,2
635,11/1/2022,15:10:14,19,987,0.1700223,1,35.18518519,1
636,11/1/2022,15:10:38,54,1928,0.044878,3,15.2173913,4
637,11/1/2022,15:11:10,25,80,0.0409263,3,5.714285714,4
638,11/1/2022,15:11:10,48,48,0.1593566,1,4.545454546,4
639,11/1/2022,15:11:19,31,786,0.1263271,1,45,1
640,11/1/2022,15:12:02,46,1090,0.0577582,2,17.39130435,4
641,11/1/2022,15:12:06,50,198,0.2688463,1,12.14285714,4
642,11/1/2022,15:12:44,55,40,0.050788,3,0,4
643,11/1/2022,15:12:56,13,200,0.0451163,3,15.71428571,4
644,11/1/2022,15:13:00,38,56,0.1593566,1,3.703703704,4
645,11/1/2022,15:14:25,30,1828,0.1229859,2,16.42857143,4
646,11/1/2022,15:14:47,15,629,0.1959779,1,31.42857143,2
647,11/1/2022,15:15:41,24,1381,0.0800744,2,14.28571429,4
648,11/1/2022,15:16:23,52,546,0.1260643,1,39.13043478,2
649,11/1/2022,15:16:31,55,939,0.1613727,1,0,4
650,11/1/2022,15:17:03,32,3351,0.1505009,1,2.857142857,4
651,11/1/2022,15:17:06,35,641,0.1263271,1,30.71428571,2
652,11/1/2022,15:17:35,25,1506,0.053297,3,5.714285714,4
653,11/1/2022,15:18:37,41,178,0.0962233,2,38.88888889,1
654,11/1/2022,15:19:03,42,603,0.0487696,3,47.85714286,1
655,11/1/2022,15:19:28,16,566,0.1263271,1,33.57142857,2
656,11/1/2022,15:19:52,34,1260,0.1372847,1,4.285714286,4
657,11/1/2022,15:20:09,9,348,0.0487696,3,30,2
658,11/1/2022,15:20:15,47,3492,0.1140301,2,49.28571429,1
659,11/1/2022,15:20:19,49,56,0.0269587,3,25,3
660,11/1/2022,15:22:17,4,1054,0.0786097,2,40,1
661,11/1/2022,15:23:01,13,312,0.031792,3,15.71428571,4
662,11/1/2022,15:23:18,20,65,0.0254015,3,18.51851852,3
663,11/1/2022,15:23:30,60,962,0.0433924,3,7.142857143,4
664,11/1/2022,15:23:56,51,304,0.089684,2,12.85714286,4
665,11/1/2022,15:24:04,39,765,0.1805781,1,20.71428571,3
666,11/1/2022,15:24:27,8,653,0.1197098,2,46.42857143,1
667,11/1/2022,15:24:28,31,100,0.0593978,2,45,1
668,11/1/2022,15:25:18,37,4635,0.089684,2,2.142857143,4
669,11/1/2022,15:25:20,18,757,0.1590003,1,32.85714286,2
670,11/1/2022,15:26:44,22,1501,0.186377,1,18.57142857,3
671,11/1/2022,15:26:56,10,85,0.210625,1,24.28571429,3
672,11/1/2022,15:27:04,57,514,0.1545892,1,40.74074074,1
673,11/1/2022,15:27:45,31,377,0.0933769,2,45,1
674,11/1/2022,15:28:09,28,218,0.077844,2,14.81481481,3
675,11/1/2022,15:29:31,42,1888,0.1043384,2,47.85714286,1
676,11/1/2022,15:29:49,35,1116,0.0545796,3,30.71428571,2
677,11/1/2022,15:30:17,16,594,0.1653681,1,33.57142857,2
678,11/1/2022,15:30:35,27,733,0.1385266,1,22.22222222,3
679,11/1/2022,15:30:35,52,1540,0.186377,1,39.13043478,2
680,11/1/2022,15:30:46,5,1017,0.1415511,1,30.43478261,3
681,11/1/2022,15:31:50,9,967,0.1646745,1,30,2
682,11/1/2022,15:32:10,29,643,0.1263271,1,5,4
683,11/1/2022,15:32:46,10,874,0.1507954,1,24.28571429,3
684,11/1/2022,15:32:53,26,1198,0.14636,1,32.14285714,2
685,11/1/2022,15:32:56,14,931,0.1152337,2,42.85714286,1
686,11/1/2022,15:33:03,40,111,0.1967887,1,16.66666667,3
687,11/1/2022,15:34:28,61,74,0.0470913,3,43.47826087,1
688,11/1/2022,15:35:34,31,1021,0.0531638,3,45,1
689,11/1/2022,15:36:24,13,627,0.157427,1,15.71428571,4
690,11/1/2022,15:36:28,46,1650,0.1080809,2,17.39130435,4
691,11/1/2022,15:36:41,58,240,0.1645824,1,42.59259259,1
692,11/1/2022,15:36:42,8,1073,0.1567083,1,46.42857143,1
693,11/1/2022,15:38:05,18,434,0.0470724,3,32.85714286,2
694,11/1/2022,15:38:15,61,480,0.0573651,2,43.47826087,1
695,11/1/2022,15:38:23,19,99,0.1252006,1,35.18518519,1
696,11/1/2022,15:38:27,50,571,0.0528503,3,12.14285714,4
697,11/1/2022,15:38:33,23,1898,0.1887072,1,37.14285714,1
698,11/1/2022,15:38:51,2,316,0.0549997,3,29.28571429,2
699,11/1/2022,15:39:11,16,117,0.069161,2,33.57142857,2
700,11/1/2022,15:39:20,7,1091,0.151159,1,22.85714286,3
701,11/1/2022,15:39:25,17,2013,0.1421747,1,5.555555556,4
702,11/1/2022,15:39:33,6,635,0.1222534,2,17.85714286,3
703,11/1/2022,15:39:46,15,632,0.1613992,1,31.42857143,2
704,11/1/2022,15:39:52,45,111,0.1252006,1,20.37037037,3
705,11/1/2022,15:41:12,24,819,0.0702204,2,14.28571429,4
706,11/1/2022,15:41:24,60,386,0.0487226,3,7.142857143,4
707,11/1/2022,15:41:24,28,1285,0.1877144,1,14.81481481,3
708,11/1/2022,15:42:26,38,82,0.1252006,1,3.703703704,4
709,11/1/2022,15:42:30,3,208,0.0471418,3,17.14285714,4
710,11/1/2022,15:43:01,62,1149,0.1932493,1,34.7826087,3
711,11/1/2022,15:43:48,34,1211,0.177209,1,4.285714286,4
712,11/1/2022,15:44:36,20,1468,0.0961659,2,18.51851852,3
713,11/1/2022,15:44:52,40,72,0.0527514,3,16.66666667,3
714,11/1/2022,15:45:23,16,199,0.1263271,1,33.57142857,2
715,11/1/2022,15:45:25,29,772,0.0473536,3,5,4
716,11/1/2022,15:46:59,36,262,0.050788,3,45.71428571,1
717,11/1/2022,15:48:14,33,12,0.1033771,2,47.14285714,1
718,11/1/2022,15:48:58,14,957,0.145019,1,42.85714286,1
719,11/1/2022,15:50:06,16,1600,0.1263271,1,33.57142857,2
720,11/1/2022,15:50:20,18,778,0.0459858,3,32.85714286,2
721,11/1/2022,15:50:55,33,147,0.1263271,1,47.14285714,1
722,11/1/2022,15:50:59,35,1308,0.1086112,2,30.71428571,2
723,11/1/2022,15:51:45,2,258,0.0731912,2,29.28571429,2
724,11/1/2022,15:51:51,51,617,0.0465519,3,12.85714286,4
725,11/1/2022,15:52:31,10,3194,0.0727446,2,24.28571429,3
726,11/1/2022,15:52:39,13,298,0.0376465,3,15.71428571,4
727,11/1/2022,15:52:55,21,1746,0.0910563,2,9.285714286,4
728,11/1/2022,15:53:02,19,86,0.02785,3,35.18518519,1
729,11/1/2022,15:53:04,26,7,0.1508158,1,32.14285714,2
730,11/1/2022,15:53:04,61,270,0.0352556,3,43.47826087,1
731,11/1/2022,15:53:21,30,439,0.1262354,1,16.42857143,4
732,11/1/2022,15:53:22,44,1943,0.1519902,1,34.28571429,2
733,11/1/2022,15:54:14,50,626,0.1541537,1,12.14285714,4
734,11/1/2022,15:54:23,31,106,0.1263271,1,45,1
735,11/1/2022,15:54:24,60,328,0.0468299,3,7.142857143,4
736,11/1/2022,15:54:29,45,1305,0.0588711,2,20.37037037,3
737,11/1/2022,15:54:33,5,869,0.1672216,1,30.43478261,3
738,11/1/2022,15:54:35,58,480,0.1241137,1,42.59259259,1
739,11/1/2022,15:55:48,15,2210,0.050788,3,31.42857143,2
740,11/1/2022,15:55:58,39,174,0.0599109,2,20.71428571,3
741,11/1/2022,15:56:11,33,168,0.0614476,2,47.14285714,1
742,11/1/2022,15:56:26,31,213,0.0487696,3,45,1
743,11/1/2022,15:56:31,48,1585,0.268891,1,4.545454546,4
744,11/1/2022,15:56:34,36,2941,0.231822,1,45.71428571,1
745,11/1/2022,15:57:37,22,860,0.186377,1,18.57142857,3
746,11/1/2022,15:57:38,3,283,0.0654125,2,17.14285714,4
747,11/1/2022,15:57:38,57,902,0.2026631,1,40.74074074,1
748,11/1/2022,15:57:47,7,1495,0.1861195,1,22.85714286,3
749,11/1/2022,15:59:57,24,130,0.136813,1,14.28571429,4
750,11/1/2022,16:00:15,31,200,0.0590314,2,45,1
751,11/1/2022,16:00:18,31,2284,0.050788,3,45,1
752,11/1/2022,16:00:28,52,674,0.1727774,1,39.13043478,2
753,11/1/2022,16:02:11,42,1257,0.1769468,1,47.85714286,1
754,11/1/2022,16:03:07,33,189,0.0592051,2,47.14285714,1
755,11/1/2022,16:03:28,54,305,0.1876956,1,15.2173913,4
756,11/1/2022,16:04:23,59,297,0.0401062,3,24.07407407,3
757,11/1/2022,16:04:37,61,216,0.1383605,1,43.47826087,1
758,11/1/2022,16:04:57,4,545,0.1732086,1,40,1
759,11/1/2022,16:05:10,29,125,0.186377,1,5,4
760,11/1/2022,16:05:37,14,1546,0.1277213,1,42.85714286,1
761,11/1/2022,16:05:44,56,185,0.186377,1,45.65217391,1
762,11/1/2022,16:06:29,63,67,0.0487696,3,27.85714286,2
763,11/1/2022,16:06:31,9,1221,0.1633367,1,30,2
764,11/1/2022,16:06:33,60,1530,0.2038618,1,7.142857143,4
765,11/1/2022,16:06:36,25,218,0.1029866,2,5.714285714,4
766,11/1/2022,16:06:48,30,420,0.0606307,2,16.42857143,4
767,11/1/2022,16:07:22,33,275,0.038548,3,47.14285714,1
768,11/1/2022,16:07:29,27,216,0.0277811,3,22.22222222,3
769,11/1/2022,16:07:37,63,1018,0.0487696,3,27.85714286,2
770,11/1/2022,16:08:57,62,1069,0.0520983,3,34.7826087,3
771,11/1/2022,16:09:20,18,1151,0.1582829,1,32.85714286,2
772,11/1/2022,16:11:37,33,164,0.0403415,3,47.14285714,1
773,11/1/2022,16:11:40,51,2324,0.0528503,3,12.85714286,4
774,11/1/2022,16:11:52,38,135,0.0369664,3,3.703703704,4
775,11/1/2022,16:12:11,3,1196,0.2245426,1,17.14285714,4
776,11/1/2022,16:12:33,53,428,0.1548697,1,47.82608696,1
777,11/1/2022,16:13:49,34,556,0.1373286,1,4.285714286,4
778,11/1/2022,16:14:04,56,357,0.186377,1,45.65217391,1
779,11/1/2022,16:14:12,33,656,0.0454018,3,47.14285714,1
780,11/1/2022,16:14:36,4,959,0.2441689,1,40,1
781,11/1/2022,16:14:57,50,1354,0.1035893,2,12.14285714,4
782,11/1/2022,16:15:17,43,2130,0.1079718,2,50,1
783,11/1/2022,16:16:26,61,955,0.0490455,3,43.47826087,1
784,11/1/2022,16:16:55,59,200,0.0587664,2,24.07407407,3
785,11/1/2022,16:17:12,54,374,0.0989467,2,15.2173913,4
786,11/1/2022,16:17:31,5,160,0.1398968,1,30.43478261,3
787,11/1/2022,16:17:37,32,2019,0.1002822,2,2.857142857,4
788,11/1/2022,16:17:37,49,1400,0.1150025,2,25,3
789,11/1/2022,16:17:52,8,1575,0.186377,1,46.42857143,1
790,11/1/2022,16:18:01,23,125,0.1507954,1,37.14285714,1
791,11/1/2022,16:18:12,52,22,0.0506981,3,39.13043478,2
792,11/1/2022,16:18:34,57,132,0.0732227,2,40.74074074,1
793,11/1/2022,16:18:35,19,87,0.1888371,1,35.18518519,1
794,11/1/2022,16:19:49,52,93,0.0237905,3,39.13043478,2
795,11/1/2022,16:20:15,24,146,0.0506981,3,14.28571429,4
796,11/1/2022,16:20:57,11,9,0.1653799,1,25.71428571,3
797,11/1/2022,16:21:20,56,504,0.0819694,2,45.65217391,1
798,11/1/2022,16:21:43,13,447,0.0719483,2,15.71428571,4
799,11/1/2022,16:22:09,33,994,0.061182,2,47.14285714,1
800,11/1/2022,16:22:18,42,742,0.1071323,2,47.85714286,1
801,11/1/2022,16:22:35,7,803,0.1231176,2,22.85714286,3
802,11/1/2022,16:22:36,17,566,0.1259063,1,5.555555556,4
803,11/1/2022,16:23:50,38,423,0.0537867,3,3.703703704,4
804,11/1/2022,16:24:15,46,1140,0.1460861,1,17.39130435,4
805,11/1/2022,16:25:10,5,481,0.0248981,3,30.43478261,3
806,11/1/2022,16:25:37,63,55,0.0487696,3,27.85714286,2
807,11/1/2022,16:25:43,47,34,0.0487696,3,49.28571429,1
808,11/1/2022,16:27:03,27,360,0.1615119,1,22.22222222,3
809,11/1/2022,16:27:23,13,256,0.2004652,1,15.71428571,4
810,11/1/2022,16:28:03,63,246,0.0487696,3,27.85714286,2
811,11/1/2022,16:28:14,52,74,0.1149049,2,39.13043478,2
812,11/1/2022,16:28:32,35,1133,0.0487696,3,30.71428571,2
813,11/1/2022,16:28:44,23,1054,0.1610575,1,37.14285714,1
814,11/1/2022,16:29:17,9,676,0.1263271,1,30,2
815,11/1/2022,16:30:17,18,372,0.0377844,3,32.85714286,2
816,11/1/2022,16:30:21,21,649,0.0442979,3,9.285714286,4
817,11/1/2022,16:30:34,47,34,0.1623108,1,49.28571429,1
818,11/1/2022,16:30:38,22,706,0.0280342,3,18.57142857,3
819,11/1/2022,16:30:58,62,147,0.1162197,2,34.7826087,3
820,11/1/2022,16:31:25,25,815,0.186377,1,5.714285714,4
821,11/1/2022,16:31:37,26,611,0.0360102,3,32.14285714,2
822,11/1/2022,16:31:54,6,1028,0.1507954,1,17.85714286,3
823,11/1/2022,16:32:07,54,40,0.0886661,2,15.2173913,4
824,11/1/2022,16:32:18,24,627,0.0378808,3,14.28571429,4
825,11/1/2022,16:32:26,34,1119,0.186377,1,4.285714286,4
826,11/1/2022,16:32:32,63,1153,0.0487696,3,27.85714286,2
827,11/1/2022,16:33:33,58,1211,0.080782,2,42.59259259,1
828,11/1/2022,16:34:26,56,205,0.1794384,1,45.65217391,1
829,11/1/2022,16:34:38,14,691,0.0486945,3,42.85714286,1
830,11/1/2022,16:35:13,52,411,0.1571105,1,39.13043478,2
831,11/1/2022,16:35:21,29,291,0.2386625,1,5,4
832,11/1/2022,16:36:04,7,187,0.1886004,1,22.85714286,3
833,11/1/2022,16:36:27,60,383,0.1112318,2,7.142857143,4
834,11/1/2022,16:36:58,54,971,0.2277824,1,15.2173913,4
835,11/1/2022,16:37:05,62,209,0.0641066,2,34.7826087,3
836,11/1/2022,16:37:26,18,1219,0.1067541,2,32.85714286,2
837,11/1/2022,16:38:03,59,314,0.1603334,1,24.07407407,3
838,11/1/2022,16:38:10,50,500,0.0551028,3,12.14285714,4
839,11/1/2022,16:38:11,5,828,0.1836259,1,30.43478261,3
840,11/1/2022,16:38:23,30,1403,0.2487355,1,16.42857143,4
841,11/1/2022,16:40:09,56,3263,0.2732498,1,45.65217391,1
842,11/1/2022,16:40:38,7,506,0.1365614,1,22.85714286,3
843,11/1/2022,16:41:31,62,707,0.1325007,1,34.7826087,3
844,11/1/2022,16:41:48,57,666,0.0583593,2,40.74074074,1
845,11/1/2022,16:41:55,29,203,0.1520136,1,5,4
846,11/1/2022,16:42:51,9,1100,0.0850852,2,30,2
847,11/1/2022,16:43:18,33,200,0.0325752,3,47.14285714,1
848,11/1/2022,16:44:07,24,240,0.1992174,1,14.28571429,4
849,11/1/2022,16:44:20,22,750,0.1647268,1,18.57142857,3
850,11/1/2022,16:44:53,26,758,0.171745,1,32.14285714,2
851,11/1/2022,16:45:10,52,4,0.1263271,1,39.13043478,2
852,11/1/2022,16:45:15,16,1225,0.0384155,3,33.57142857,2
853,11/1/2022,16:46:54,13,739,0.0487696,3,15.71428571,4
854,11/1/2022,16:47:50,35,1036,0.1263271,1,30.71428571,2
855,11/1/2022,16:47:57,23,581,0.1583311,1,37.14285714,1
856,11/1/2022,16:48:30,11,1157,0.0933251,2,25.71428571,3
857,11/1/2022,16:49:44,24,1052,0.050788,3,14.28571429,4
858,11/1/2022,16:49:54,7,533,0.1450285,1,22.85714286,3
859,11/1/2022,16:49:57,60,2028,0.0812403,2,7.142857143,4
860,11/1/2022,16:51:49,28,404,0.0683788,2,14.81481481,3
861,11/1/2022,16:52:55,51,301,0.0790078,2,12.85714286,4
862,11/1/2022,16:53:47,15,2736,0.2045617,1,31.42857143,2
863,11/1/2022,16:54:03,63,131,0.186377,1,27.85714286,2
864,11/1/2022,16:54:04,34,135,0.147927,1,4.285714286,4
865,11/1/2022,16:54:08,43,1280,0.2446767,1,50,1
866,11/1/2022,16:54:39,52,620,0.1008321,2,39.13043478,2
867,11/1/2022,16:57:37,54,1214,0.1263271,1,15.2173913,4
868,11/1/2022,16:57:42,50,228,0.0813971,2,12.14285714,4
869,11/1/2022,16:58:12,39,664,0.1500954,1,20.71428571,3
870,11/1/2022,16:58:51,63,1577,0.1710878,1,27.85714286,2
871,11/1/2022,16:59:01,18,896,0.1263271,1,32.85714286,2
872,11/1/2022,16:59:03,44,1658,0.1869383,1,34.28571429,2
873,11/1/2022,16:59:14,22,1207,0.0542107,3,18.57142857,3
874,11/1/2022,16:59:18,27,239,0.1534035,1,22.22222222,3
875,11/1/2022,16:59:19,26,625,0.0348147,3,32.14285714,2
876,11/1/2022,16:59:27,62,163,0.0420125,3,34.7826087,3
877,11/1/2022,17:01:15,51,1763,0.0782097,2,12.85714286,4
878,11/1/2022,17:01:20,31,900,0.186377,1,45,1
879,11/1/2022,17:01:21,37,360,0.0374981,3,2.142857143,4
880,11/1/2022,17:01:44,22,584,0.1159782,2,18.57142857,3
881,11/1/2022,17:01:52,9,168,0.121959,2,30,2
882,11/1/2022,17:01:54,29,184,0.1263271,1,5,4
883,11/1/2022,17:02:18,25,83,0.062855,2,5.714285714,4
884,11/1/2022,17:02:49,30,862,0.0817289,2,16.42857143,4
885,11/1/2022,17:03:35,36,258,0.1263271,1,45.71428571,1
886,11/1/2022,17:03:37,42,919,0.0733979,2,47.85714286,1
887,11/1/2022,17:04:42,38,167,0.3029857,1,3.703703704,4
888,11/1/2022,17:05:25,50,187,0.1263271,1,12.14285714,4
889,11/1/2022,17:06:22,9,821,0.1263271,1,30,2
890,11/1/2022,17:06:54,25,103,0.0526571,3,5.714285714,4
891,11/1/2022,17:07:27,62,1000,0.1914966,1,34.7826087,3
892,11/1/2022,17:07:56,61,574,0.1676051,1,43.47826087,1
893,11/1/2022,17:08:42,27,167,0.0280785,3,22.22222222,3
894,11/1/2022,17:09:14,16,128,0.2002983,1,33.57142857,2
895,11/1/2022,17:09:39,41,107,0.0515294,3,38.88888889,1
896,11/1/2022,17:10:00,16,782,0.1284915,1,33.57142857,2
897,11/1/2022,17:10:22,35,2444,0.0326943,3,30.71428571,2
898,11/1/2022,17:10:23,29,898,0.0374981,3,5,4
899,11/1/2022,17:11:24,50,351,0.0413482,3,12.14285714,4
900,11/1/2022,17:11:51,32,1337,0.1312918,1,2.857142857,4
901,11/1/2022,17:11:58,52,135,0.1271669,1,39.13043478,2
902,11/1/2022,17:12:10,40,528,0.0515294,3,16.66666667,3
903,11/1/2022,17:12:23,47,1755,0.0317013,3,49.28571429,1
904,11/1/2022,17:12:42,25,755,0.2659417,1,5.714285714,4
905,11/1/2022,17:12:55,24,364,0.0829756,2,14.28571429,4
906,11/1/2022,17:12:56,37,321,0.1179434,2,2.142857143,4
907,11/1/2022,17:13:13,37,970,0.0418498,3,2.142857143,4
908,11/1/2022,17:13:15,38,216,0.0953831,2,3.703703704,4
909,11/1/2022,17:13:15,13,566,0.0343274,3,15.71428571,4
910,11/1/2022,17:14:18,26,129,0.0490709,3,32.14285714,2
911,11/1/2022,17:15:19,36,1707,0.1753253,1,45.71428571,1
912,11/1/2022,17:16:01,31,49,0.0487696,3,45,1
913,11/1/2022,17:17:54,34,1075,0.0569422,2,4.285714286,4
914,11/1/2022,17:18:00,49,313,0.1054657,2,25,3
915,11/1/2022,17:18:55,42,485,0.0884198,2,47.85714286,1
916,11/1/2022,17:18:58,46,327,0.0432049,3,17.39130435,4
917,11/1/2022,17:20:27,52,609,0.0705791,2,39.13043478,2
918,11/1/2022,17:21:56,43,1338,0.2488709,1,50,1
919,11/1/2022,17:21:56,21,1227,0.0388988,3,9.285714286,4
920,11/1/2022,17:22:41,41,55,0.16624,1,38.88888889,1
921,11/1/2022,17:22:49,48,737,0.0543557,3,4.545454546,4
922,11/1/2022,17:23:12,61,47,0.0487696,3,43.47826087,1
923,11/1/2022,17:24:15,39,1187,0.1673925,1,20.71428571,3
924,11/1/2022,17:24:34,45,41,0.1253643,1,20.37037037,3
925,11/1/2022,17:24:52,16,104,0.0408228,3,33.57142857,2
926,11/1/2022,17:25:03,26,1856,0.1861625,1,32.14285714,2
927,11/1/2022,17:25:04,31,375,0.0399566,3,45,1
928,11/1/2022,17:25:55,63,1055,0.0966826,2,27.85714286,2
929,11/1/2022,17:26:13,20,72,0.0993381,2,18.51851852,3
930,11/1/2022,17:26:42,54,133,0.0374981,3,15.2173913,4
931,11/1/2022,17:26:54,16,236,0.2734573,1,33.57142857,2
932,11/1/2022,17:27:00,16,15,0.04288,3,33.57142857,2
933,11/1/2022,17:27:41,40,765,0.0461655,3,16.66666667,3
934,11/1/2022,17:27:45,13,903,0.2441689,1,15.71428571,4
935,11/1/2022,17:28:23,42,738,0.0424948,3,47.85714286,1
936,11/1/2022,17:28:41,23,50,0.1124196,2,37.14285714,1
937,11/1/2022,17:30:00,61,64,0.0768155,2,43.47826087,1
938,11/1/2022,17:30:27,46,1845,0.1557385,1,17.39130435,4
939,11/1/2022,17:30:28,44,2658,0.1787972,1,34.28571429,2
940,11/1/2022,17:30:45,18,441,0.0700551,2,32.85714286,2
941,11/1/2022,17:30:47,23,599,0.2066459,1,37.14285714,1
942,11/1/2022,17:31:19,52,110,0.1862385,1,39.13043478,2
943,11/1/2022,17:32:14,52,56,0.0442979,3,39.13043478,2
944,11/1/2022,17:32:15,25,227,0.0361475,3,5.714285714,4
945,11/1/2022,17:32:16,31,179,0.1109081,2,45,1
946,11/1/2022,17:32:57,54,119,0.1002822,2,15.2173913,4
947,11/1/2022,17:33:01,61,857,0.1507954,1,43.47826087,1
948,11/1/2022,17:33:50,56,1266,0.131603,1,45.65217391,1
949,11/1/2022,17:35:29,31,393,0.0493971,3,45,1
950,11/1/2022,17:36:07,32,431,0.1027627,2,2.857142857,4
951,11/1/2022,17:36:20,22,494,0.1263271,1,18.57142857,3
952,11/1/2022,17:38:17,49,237,0.0908565,2,25,3
953,11/1/2022,17:39:02,33,514,0.1263271,1,47.14285714,1
954,11/1/2022,17:39:20,14,405,0.0700551,2,42.85714286,1
955,11/1/2022,17:40:41,42,847,0.186377,1,47.85714286,1
956,11/1/2022,17:40:50,41,650,0.0859446,2,38.88888889,1
957,11/1/2022,17:40:59,54,318,0.1761619,1,15.2173913,4
958,11/1/2022,17:41:09,18,726,0.2259538,1,32.85714286,2
959,11/1/2022,17:41:42,31,374,0.0481765,3,45,1
960,11/1/2022,17:44:51,60,377,0.028871,3,7.142857143,4
961,11/1/2022,17:44:54,30,401,0.050788,3,16.42857143,4
962,11/1/2022,17:45:16,23,560,0.1293268,1,37.14285714,1
963,11/1/2022,17:45:18,63,2104,0.0764011,2,27.85714286,2
964,11/1/2022,17:45:20,25,249,0.0480427,3,5.714285714,4
965,11/1/2022,17:45:21,29,877,0.1094806,2,5,4
966,11/1/2022,17:45:23,36,356,0.033081,3,45.71428571,1
967,11/1/2022,17:45:30,34,274,0.0392332,3,4.285714286,4
968,11/1/2022,17:46:31,62,213,0.08242,2,34.7826087,3
969,11/1/2022,17:47:46,32,1058,0.186377,1,2.857142857,4
970,11/1/2022,17:49:22,39,256,0.2110525,1,20.71428571,3
971,11/1/2022,17:49:26,34,274,0.0568637,2,4.285714286,4
972,11/1/2022,17:49:33,38,68,0.0472657,3,3.703703704,4
973,11/1/2022,17:49:36,50,132,0.0859829,2,12.14285714,4
974,11/1/2022,17:50:05,33,130,0.1263271,1,47.14285714,1
975,11/1/2022,17:50:29,37,105,0.0392332,3,2.142857143,4
976,11/1/2022,17:50:38,28,2117,0.1150025,2,14.81481481,3
977,11/1/2022,17:50:44,62,600,0.1602047,1,34.7826087,3
978,11/1/2022,17:51:34,52,110,0.2294265,1,39.13043478,2
979,11/1/2022,17:52:15,33,467,0.1890145,1,47.14285714,1
980,11/1/2022,17:52:33,30,1351,0.0395949,3,16.42857143,4
981,11/1/2022,17:52:59,36,367,0.0531213,3,45.71428571,1
982,11/1/2022,17:53:25,50,311,0.0288933,3,12.14285714,4
983,11/1/2022,17:53:26,17,2464,0.2102622,1,5.555555556,4
984,11/1/2022,17:53:58,60,2449,0.1459194,1,7.142857143,4
985,11/1/2022,17:54:07,37,179,0.0590419,2,2.142857143,4
986,11/1/2022,17:54:22,40,562,0.0926595,2,16.66666667,3
987,11/1/2022,17:54:24,34,1270,0.1230829,2,4.285714286,4
988,11/1/2022,17:54:55,24,387,0.0493971,3,14.28571429,4
989,11/1/2022,17:55:01,26,281,0.0765655,2,32.14285714,2
990,11/1/2022,17:55:09,49,484,0.1358011,1,25,3
991,11/1/2022,17:55:41,45,1696,0.0826069,2,20.37037037,3
992,11/1/2022,17:55:51,19,66,0.1645824,1,35.18518519,1
993,11/1/2022,17:55:54,55,7,0.1334115,1,0,4
994,11/1/2022,17:56:03,36,261,0.0402719,3,45.71428571,1
995,11/1/2022,17:56:16,39,188,0.1761619,1,20.71428571,3
996,11/1/2022,17:56:55,47,4601,0.1497,1,49.28571429,1
997,11/1/2022,17:56:56,27,288,0.1057883,2,22.22222222,3
998,11/1/2022,17:56:58,37,115,0.0409747,3,2.142857143,4
999,11/1/2022,17:57:15,55,110,0.0556384,3,0,4
1000,11/1/2022,17:57:35,48,370,0.1658467,1,4.545454546,4
1001,11/1/2022,17:57:43,50,270,0.0509852,3,12.14285714,4
1002,11/1/2022,17:58:08,52,656,0.2008352,1,39.13043478,2
1003,11/1/2022,17:58:21,23,1416,0.1054025,2,37.14285714,1
1004,11/1/2022,17:59:16,41,722,0.2102622,1,38.88888889,1
1005,11/1/2022,17:59:19,38,268,0.0605499,2,3.703703704,4
1006,11/1/2022,18:00:02,37,173,0.042519,3,2.142857143,4
1007,11/1/2022,18:00:22,46,638,0.0416914,3,17.39130435,4
1008,11/1/2022,18:00:28,19,429,0.2226074,1,35.18518519,1
1009,11/1/2022,18:01:35,43,518,0.1451761,1,50,1
1010,11/1/2022,18:01:41,51,567,0.2736009,1,12.85714286,4
1011,11/1/2022,18:01:44,57,565,0.1705108,1,40.74074074,1
1012,11/1/2022,18:02:19,37,20,0.0512437,3,2.142857143,4
1013,11/1/2022,18:02:54,50,351,0.0750757,2,12.14285714,4
1014,11/1/2022,18:02:59,62,1084,0.186377,1,34.7826087,3
1015,11/1/2022,18:04:19,61,1391,0.0532644,3,43.47826087,1
1016,11/1/2022,18:04:25,36,423,0.165527,1,45.71428571,1
1017,11/1/2022,18:04:58,37,504,0.186377,1,2.142857143,4
1018,11/1/2022,18:05:41,24,61,0.0303178,3,14.28571429,4
1019,11/1/2022,18:05:57,49,185,0.036017,3,25,3
1020,11/1/2022,18:08:35,33,1500,0.0967689,2,47.14285714,1
1021,11/1/2022,18:09:04,32,439,0.1634572,1,2.857142857,4
1022,11/1/2022,18:09:11,46,880,0.0637868,2,17.39130435,4
1023,11/1/2022,18:09:28,48,946,0.2226074,1,4.545454546,4
1024,11/1/2022,18:09:35,50,297,0.1828612,1,12.14285714,4
1025,11/1/2022,18:10:37,43,912,0.209272,1,50,1
1026,11/1/2022,18:12:44,36,2108,0.2469744,1,45.71428571,1
1027,11/1/2022,18:13:12,19,262,0.2889145,1,35.18518519,1
1028,11/1/2022,18:14:41,53,3105,0.0265056,3,47.82608696,1
1029,11/1/2022,18:14:54,52,255,0.1099268,2,39.13043478,2
1030,11/1/2022,18:15:29,50,443,0.112183,2,12.14285714,4
1031,11/1/2022,18:16:38,51,846,0.0435186,3,12.85714286,4
1032,11/1/2022,18:16:44,62,234,0.0717161,2,34.7826087,3
1033,11/1/2022,18:16:56,34,522,0.0764451,2,4.285714286,4
1034,11/1/2022,18:17:23,54,272,0.0487696,3,15.2173913,4
1035,11/1/2022,18:18:20,62,185,0.0782469,2,34.7826087,3
1036,11/1/2022,18:18:40,41,671,0.177456,1,38.88888889,1
1037,11/1/2022,18:19:27,52,31,0.0760355,2,39.13043478,2
1038,11/1/2022,18:19:34,54,1586,0.1383016,1,15.2173913,4
1039,11/1/2022,18:19:51,57,241,0.083424,2,40.74074074,1
1040,11/1/2022,18:21:07,19,37,0.0399041,3,35.18518519,1
1041,11/1/2022,18:21:40,53,543,0.0973397,2,47.82608696,1
1042,11/1/2022,18:22:35,38,122,0.0742828,2,3.703703704,4
1043,11/1/2022,18:22:35,27,173,0.0432415,3,22.22222222,3
1044,11/1/2022,18:23:00,42,1104,0.186377,1,47.85714286,1
1045,11/1/2022,18:23:25,38,258,0.0736851,2,3.703703704,4
1046,11/1/2022,18:25:01,62,260,0.0994424,2,34.7826087,3
1047,11/1/2022,18:25:07,43,1399,0.186377,1,50,1
1048,11/1/2022,18:25:56,45,1466,0.0827851,2,20.37037037,3
1049,11/1/2022,18:26:23,48,351,0.0794091,2,4.545454546,4
1050,11/1/2022,18:26:29,50,288,0.1474524,1,12.14285714,4
1051,11/1/2022,18:26:41,61,815,0.0985828,2,43.47826087,1
1052,11/1/2022,18:27:15,44,247,0.0345589,3,34.28571429,2
1053,11/1/2022,18:29:47,28,51,0.0496907,3,14.81481481,3
1054,11/1/2022,18:29:55,51,906,0.138184,1,12.85714286,4
1055,11/1/2022,18:30:25,46,406,0.1235546,2,17.39130435,4
1056,11/1/2022,18:31:12,19,194,0.1375615,1,35.18518519,1
1057,11/1/2022,18:31:39,44,287,0.1005145,2,34.28571429,2
1058,11/1/2022,18:31:42,53,623,0.0556938,3,47.82608696,1
1059,11/1/2022,18:31:56,62,307,0.0394551,3,34.7826087,3
1060,11/1/2022,18:32:02,62,588,0.0931108,2,34.7826087,3
1061,11/1/2022,18:32:27,50,339,0.0487696,3,12.14285714,4
1062,11/1/2022,18:32:27,41,158,0.0496907,3,38.88888889,1
1063,11/1/2022,18:34:54,57,1023,0.0511855,3,40.74074074,1
1064,11/1/2022,18:35:01,60,3044,0.0599187,2,7.142857143,4
1065,11/1/2022,18:35:05,28,256,0.0785439,2,14.81481481,3
1066,11/1/2022,18:35:46,63,396,0.0451072,3,27.85714286,2
1067,11/1/2022,18:36:18,48,2633,0.0961659,2,4.545454546,4
1068,11/1/2022,18:36:43,50,171,0.1390954,1,12.14285714,4
1069,11/1/2022,18:36:46,56,226,0.1442962,1,45.65217391,1
1070,11/1/2022,18:37:13,44,636,0.1863169,1,34.28571429,2
1071,11/1/2022,18:37:17,62,287,0.1262354,1,34.7826087,3
1072,11/1/2022,18:38:00,38,2677,0.2790694,1,3.703703704,4
1073,11/1/2022,18:38:07,56,169,0.0707507,2,45.65217391,1
1074,11/1/2022,18:38:14,50,356,0.0608688,2,12.14285714,4
1075,11/1/2022,18:40:13,61,1163,0.1844794,1,43.47826087,1
1076,11/1/2022,18:40:36,17,1079,0.1513853,1,5.555555556,4
1077,11/1/2022,18:41:24,41,501,0.1182658,2,38.88888889,1
1078,11/1/2022,18:41:37,56,2002,0.1975246,1,45.65217391,1
1079,11/1/2022,18:42:15,62,101,0.0636497,2,34.7826087,3
1080,11/1/2022,18:42:52,63,171,0.0715781,2,27.85714286,2
1081,11/1/2022,18:42:59,19,82,0.1189976,2,35.18518519,1
1082,11/1/2022,18:43:18,40,1416,0.0766416,2,16.66666667,3
1083,11/1/2022,18:43:56,54,90,0.1159782,2,15.2173913,4
1084,11/1/2022,18:44:36,28,206,0.0515294,3,14.81481481,3
1085,11/1/2022,18:45:22,63,763,0.0477426,3,27.85714286,2
1086,11/1/2022,18:45:33,51,624,0.0961546,2,12.85714286,4
1087,11/1/2022,18:45:36,27,1472,0.2531988,1,22.22222222,3
1088,11/1/2022,18:45:53,36,697,0.0685931,2,45.71428571,1
1089,11/1/2022,18:46:21,54,288,0.1005145,2,15.2173913,4
1090,11/1/2022,18:46:58,50,653,0.0715781,2,12.14285714,4
1091,11/1/2022,18:47:39,28,2097,0.0857588,2,14.81481481,3
1092,11/1/2022,18:48:02,19,539,0.2801098,1,35.18518519,1
1093,11/1/2022,18:48:45,43,1809,0.1126789,2,50,1
1094,11/1/2022,18:49:53,44,1047,0.1605507,1,34.28571429,2
1095,11/1/2022,18:50:27,52,52,0.0569715,2,39.13043478,2
1096,11/1/2022,18:50:48,52,395,0.1319859,1,39.13043478,2
1097,11/1/2022,18:50:53,53,3612,0.1007027,2,47.82608696,1
1098,11/1/2022,18:51:52,46,725,0.0399017,3,17.39130435,4
1099,11/1/2022,18:54:41,49,122,0.0519253,3,25,3
1100,11/1/2022,18:57:50,62,127,0.2441689,1,34.7826087,3
1101,11/1/2022,18:58:36,52,54,0.0567722,2,39.13043478,2
1102,11/1/2022,19:00:05,54,843,0.0993488,2,15.2173913,4
1103,11/1/2022,19:01:12,51,255,0.2461535,1,12.85714286,4
1104,11/1/2022,19:01:25,63,2013,0.186377,1,27.85714286,2
1105,11/1/2022,19:01:31,62,130,0.1507954,1,34.7826087,3
1106,11/1/2022,19:03:00,62,1326,0.116119,2,34.7826087,3
1107,11/1/2022,19:03:15,52,83,0.0776131,2,39.13043478,2
1108,11/1/2022,19:03:47,61,76,0.0329087,3,43.47826087,1
1109,11/1/2022,19:03:56,61,250,0.1263271,1,43.47826087,1
1110,11/1/2022,19:04:06,45,755,0.0864091,2,20.37037037,3
1111,11/1/2022,19:05:18,52,760,0.2247608,1,39.13043478,2
1112,11/1/2022,19:05:34,46,149,0.0506981,3,17.39130435,4
1113,11/1/2022,19:06:25,46,594,0.0788462,2,17.39130435,4
1114,11/1/2022,19:07:58,50,919,0.1816619,1,12.14285714,4
1115,11/1/2022,19:07:59,61,919,0.1746618,1,43.47826087,1
1116,11/1/2022,19:08:59,54,1099,0.1616393,1,15.2173913,4
1117,11/1/2022,19:10:47,54,50,0.0408114,3,15.2173913,4
1118,11/1/2022,19:11:44,61,658,0.1589869,1,43.47826087,1
1119,11/1/2022,19:12:01,49,304,0.0363049,3,25,3
1120,11/1/2022,19:12:37,54,109,0.087211,2,15.2173913,4
1121,11/1/2022,19:14:02,41,637,0.1168582,2,38.88888889,1
1122,11/1/2022,19:14:54,59,1220,0.0961659,2,24.07407407,3
1123,11/1/2022,19:16:58,56,160,0.1707794,1,45.65217391,1
1124,11/1/2022,19:17:30,50,68,0.1507954,1,12.14285714,4
1125,11/1/2022,19:17:47,50,1460,0.0453877,3,12.14285714,4
1126,11/1/2022,19:18:15,42,364,0.0343055,3,47.85714286,1
1127,11/1/2022,19:18:50,58,41,0.0515294,3,42.59259259,1
1128,11/1/2022,19:19:17,43,277,0.0948431,2,50,1
1129,11/1/2022,19:19:39,56,1203,0.0487696,3,45.65217391,1
1130,11/1/2022,19:19:43,46,223,0.0849567,2,17.39130435,4
1131,11/1/2022,19:22:20,46,570,0.0914323,2,17.39130435,4
1132,11/1/2022,19:22:38,47,32,0.1263271,1,49.28571429,1
1133,11/1/2022,19:22:39,57,586,0.0410195,3,40.74074074,1
1134,11/1/2022,19:23:05,50,649,0.0605272,2,12.14285714,4
1135,11/1/2022,19:24:10,47,1036,0.089684,2,49.28571429,1
1136,11/1/2022,19:25:29,40,2055,0.2270121,1,16.66666667,3
1137,11/1/2022,19:27:08,62,158,0.0456488,3,34.7826087,3
1138,11/1/2022,19:27:49,51,600,0.0487696,3,12.85714286,4
1139,11/1/2022,19:28:00,43,735,0.0487696,3,50,1
1140,11/1/2022,19:29:58,62,22,0.1130324,2,34.7826087,3
1141,11/1/2022,19:30:41,52,81,0.10476,2,39.13043478,2
1142,11/1/2022,19:30:44,62,127,0.0544931,3,34.7826087,3
1143,11/1/2022,19:32:08,46,308,0.0827547,2,17.39130435,4
1144,11/1/2022,19:32:45,44,2279,0.1676127,1,34.28571429,2
1145,11/1/2022,19:33:13,63,250,0.0883051,2,27.85714286,2
1146,11/1/2022,19:33:46,62,111,0.0423326,3,34.7826087,3
1147,11/1/2022,19:33:57,52,534,0.2274972,1,39.13043478,2
1148,11/1/2022,19:35:43,62,604,0.0909616,2,34.7826087,3
1149,11/1/2022,19:35:46,50,289,0.1816619,1,12.14285714,4
1150,11/1/2022,19:35:50,54,29,0.2247608,1,15.2173913,4
1151,11/1/2022,19:36:02,43,565,0.0373286,3,50,1
1152,11/1/2022,19:36:19,45,1422,0.1474557,1,20.37037037,3
1153,11/1/2022,19:36:51,54,138,0.0477188,3,15.2173913,4
1154,11/1/2022,19:39:25,49,534,0.0726451,2,25,3
1155,11/1/2022,19:39:57,63,1197,0.1094143,2,27.85714286,2
1156,11/1/2022,19:40:55,54,981,0.186377,1,15.2173913,4
1157,11/1/2022,19:41:13,58,87,0.1645824,1,42.59259259,1
1158,11/1/2022,19:42:56,38,60,0.2001311,1,3.703703704,4
1159,11/1/2022,19:43:00,56,72,0.2453472,1,45.65217391,1
1160,11/1/2022,19:44:35,47,170,0.0399473,3,49.28571429,1
1161,11/1/2022,19:44:44,62,1435,0.0512003,3,34.7826087,3
1162,11/1/2022,19:45:10,52,90,0.0452939,3,39.13043478,2
1163,11/1/2022,19:45:43,41,221,0.1645824,1,38.88888889,1
1164,11/1/2022,19:46:05,56,334,0.1132647,2,45.65217391,1
1165,11/1/2022,19:46:24,47,1958,0.1344011,1,49.28571429,1
1166,11/1/2022,19:48:41,57,1403,0.119341,2,40.74074074,1
1167,11/1/2022,19:49:43,38,342,0.0752217,2,3.703703704,4
1168,11/1/2022,19:53:08,51,546,0.0429869,3,12.85714286,4
1169,11/1/2022,19:55:12,43,275,0.2146912,1,50,1
1170,11/1/2022,19:55:29,60,443,0.0559496,3,7.142857143,4
1171,11/1/2022,19:56:19,38,213,0.0886143,2,3.703703704,4
1172,11/1/2022,19:56:22,56,67,0.107278,2,45.65217391,1
1173,11/1/2022,19:56:58,59,143,0.0490441,3,24.07407407,3
1174,11/1/2022,19:57:13,58,230,0.2299902,1,42.59259259,1
1175,11/1/2022,19:57:47,56,116,0.0742223,2,45.65217391,1
1176,11/1/2022,19:58:26,41,76,0.0919443,2,38.88888889,1
1177,11/1/2022,19:59:45,52,245,0.0532022,3,39.13043478,2
1178,11/1/2022,20:00:52,56,144,0.0385494,3,45.65217391,1
1179,11/1/2022,20:02:42,56,219,0.1797671,1,45.65217391,1
1180,11/1/2022,20:02:59,51,1849,0.1263271,1,12.85714286,4
1181,11/1/2022,20:03:26,60,344,0.1263271,1,7.142857143,4
1182,11/1/2022,20:04:11,40,93,0.0965581,2,16.66666667,3
1183,11/1/2022,20:04:45,52,620,0.1912202,1,39.13043478,2
1184,11/1/2022,20:05:45,61,96,0.0361475,3,43.47826087,1
1185,11/1/2022,20:06:21,46,980,0.186377,1,17.39130435,4
1186,11/1/2022,20:06:59,50,977,0.2441689,1,12.14285714,4
1187,11/1/2022,20:07:44,56,1447,0.1291235,1,45.65217391,1
1188,11/1/2022,20:08:19,62,893,0.2694148,1,34.7826087,3
1189,11/1/2022,20:08:56,61,49,0.0487696,3,43.47826087,1
1190,11/1/2022,20:09:21,60,334,0.2259538,1,7.142857143,4
1191,11/1/2022,20:10:12,54,776,0.050788,3,15.2173913,4
1192,11/1/2022,20:10:22,61,24,0.0487696,3,43.47826087,1
1193,11/1/2022,20:11:51,54,89,0.1920085,1,15.2173913,4
1194,11/1/2022,20:13:44,61,899,0.0673503,2,43.47826087,1
1195,11/1/2022,20:14:06,60,302,0.0775585,2,7.142857143,4
1196,11/1/2022,20:14:13,59,213,0.0461862,3,24.07407407,3
1197,11/1/2022,20:15:25,45,1790,0.0378157,3,20.37037037,3
1198,11/1/2022,20:17:39,52,749,0.2263453,1,39.13043478,2
1199,11/1/2022,20:18:03,58,1171,0.0990932,2,42.59259259,1
1200,11/1/2022,20:18:50,41,890,0.266985,1,38.88888889,1
1201,11/1/2022,20:21:10,60,642,0.1132011,2,7.142857143,4
1202,11/1/2022,20:26:11,57,372,0.0722647,2,40.74074074,1
1203,11/1/2022,20:27:33,50,504,0.13421,1,12.14285714,4
1204,11/1/2022,20:28:07,61,880,0.0449291,3,43.47826087,1
1205,11/1/2022,20:29:25,59,459,0.0515294,3,24.07407407,3
1206,11/1/2022,20:29:33,51,1304,0.1335853,1,12.85714286,4
1207,11/1/2022,20:30:01,52,518,0.062585,2,39.13043478,2
1208,11/1/2022,20:30:45,60,630,0.0329005,3,7.142857143,4
1209,11/1/2022,20:42:44,41,203,0.0770324,2,38.88888889,1
1210,11/1/2022,20:42:46,57,122,0.1833233,1,40.74074074,1
1211,11/1/2022,20:45:48,52,871,0.0502285,3,39.13043478,2
1212,11/1/2022,20:46:53,41,114,0.0262368,3,38.88888889,1
1213,11/1/2022,20:47:16,60,357,0.0282662,3,7.142857143,4
1214,11/1/2022,20:48:10,56,197,0.0839116,2,45.65217391,1
1215,11/1/2022,20:49:10,50,208,0.0403783,3,12.14285714,4
1216,11/1/2022,20:49:19,57,36,0.0447104,3,40.74074074,1
1217,11/1/2022,20:49:40,61,2446,0.186377,1,43.47826087,1
1218,11/1/2022,20:51:41,53,2918,0.1549353,1,47.82608696,1
1219,11/1/2022,20:53:03,50,350,0.0805656,2,12.14285714,4
1220,11/1/2022,20:53:49,59,194,0.0584137,2,24.07407407,3
1221,11/1/2022,20:54:49,56,925,0.0911041,2,45.65217391,1
1222,11/1/2022,20:55:12,60,999,0.1855618,1,7.142857143,4
1223,11/1/2022,20:59:25,51,2770,0.1617521,1,12.85714286,4
1224,11/1/2022,20:59:37,57,682,0.0325668,3,40.74074074,1
1225,11/1/2022,21:00:06,50,198,0.0362267,3,12.14285714,4
1226,11/1/2022,21:02:21,52,169,0.041355,3,39.13043478,2
1227,11/1/2022,21:02:45,62,283,0.0487696,3,34.7826087,3
1228,11/1/2022,21:13:18,58,70,0.0330124,3,42.59259259,1
1229,11/1/2022,21:14:14,56,161,0.0778338,2,45.65217391,1
1230,11/1/2022,21:14:33,62,310,0.0431241,3,34.7826087,3
1231,11/1/2022,21:17:13,59,17,0.0447104,3,24.07407407,3
1232,11/1/2022,21:17:45,50,222,0.1226066,2,12.14285714,4
1233,11/1/2022,21:17:48,60,239,0.0487696,3,7.142857143,4
1234,11/1/2022,21:18:59,57,34,0.0447104,3,40.74074074,1
1235,11/1/2022,21:21:40,58,121,0.0890099,2,42.59259259,1
1236,11/1/2022,21:24:52,56,810,0.1653681,1,45.65217391,1
1237,11/1/2022,21:24:59,52,148,0.0315335,3,39.13043478,2
1238,11/1/2022,21:30:43,58,366,0.0532721,3,42.59259259,1
1239,11/1/2022,21:31:01,50,426,0.0487696,3,12.14285714,4
1240,11/1/2022,21:31:24,60,434,0.125138,1,7.142857143,4
1241,11/1/2022,21:31:27,62,153,0.1272504,1,34.7826087,3
1242,11/1/2022,21:34:01,61,278,0.0532339,3,43.47826087,1
1243,11/1/2022,21:38:53,50,310,0.0440675,3,12.14285714,4
1244,11/1/2022,21:39:15,56,393,0.1038725,2,45.65217391,1
1245,11/1/2022,21:40:10,59,203,0.1075621,2,24.07407407,3
1246,11/1/2022,21:41:54,62,166,0.0428622,3,34.7826087,3
1247,11/1/2022,21:42:21,58,1956,0.2929014,1,42.59259259,1
1248,11/1/2022,21:43:04,60,440,0.06879,2,7.142857143,4
1249,11/1/2022,21:43:29,53,5333,0.2032409,1,47.82608696,1
1250,11/1/2022,21:44:53,52,59,0.213728,1,39.13043478,2
1251,11/1/2022,21:46:14,62,3856,0.0762159,2,34.7826087,3
1252,11/1/2022,21:46:50,61,342,0.050788,3,43.47826087,1
1253,11/1/2022,21:47:56,51,858,0.213728,1,12.85714286,4
1254,11/1/2022,21:49:52,60,376,0.0410313,3,7.142857143,4
1255,11/1/2022,21:51:05,56,154,0.1150309,2,45.65217391,1
1256,11/1/2022,21:54:31,56,4,0.1431902,1,45.65217391,1
1257,11/1/2022,22:03:49,56,1090,0.0649611,2,45.65217391,1
1258,11/1/2022,22:05:41,61,115,0.0886661,2,43.47826087,1
1259,11/1/2022,22:09:06,57,141,0.151459,1,40.74074074,1
1260,11/1/2022,22:11:24,61,246,0.186377,1,43.47826087,1
1261,11/1/2022,22:14:07,60,934,0.186377,1,7.142857143,4
1262,11/1/2022,22:14:59,57,634,0.1743892,1,40.74074074,1
1263,11/1/2022,22:16:53,58,1376,0.2083256,1,42.59259259,1
1264,11/1/2022,22:19:12,56,130,0.046998,3,45.65217391,1
1265,11/1/2022,22:19:45,61,573,0.0524771,3,43.47826087,1
1266,11/1/2022,22:25:49,56,124,0.032225,3,45.65217391,1
1267,11/1/2022,22:29:11,60,1461,0.0950005,2,7.142857143,4
1268,11/1/2022,22:30:40,61,66,0.1263271,1,43.47826087,1
1269,11/1/2022,22:33:22,61,71,0.178618,1,43.47826087,1
1270,11/1/2022,22:40:54,61,1372,0.1847274,1,43.47826087,1
1271,11/1/2022,22:41:50,57,340,0.0420997,3,40.74074074,1
1272,11/1/2022,22:46:01,57,156,0.0284631,3,40.74074074,1
1273,11/1/2022,22:47:15,60,512,0.1263271,1,7.142857143,4
1274,11/1/2022,22:52:35,60,371,0.048165,3,7.142857143,4
1275,11/1/2022,23:02:59,62,990,0.0635332,2,34.7826087,3
1276,11/1/2022,23:10:30,61,183,0.163464,1,43.47826087,1
1277,11/1/2022,23:14:34,60,267,0.048165,3,7.142857143,4
1278,11/1/2022,23:19:49,60,13,0.048165,3,7.142857143,4
1279,11/1/2022,23:22:48,61,1494,0.1773705,1,43.47826087,1
1280,11/1/2022,23:33:14,62,1452,0.0487696,3,34.7826087,3